timestamp,sensor_id,tipo,valor
2025-10-01 00:00:00,sensor_temp,temperatura,21.97
2025-10-01 00:00:00,sensor_lux,luminosidade,0.0
2025-10-01 00:00:00,sensor_occ,ocupacao,1.0
2025-10-01 00:15:00,sensor_temp,temperatura,22.76
2025-10-01 00:15:00,sensor_lux,luminosidade,0.0
2025-10-01 00:15:00,sensor_occ,ocupacao,1.0
2025-10-01 00:30:00,sensor_temp,temperatura,20.2
2025-10-01 00:30:00,sensor_lux,luminosidade,0.0
2025-10-01 00:30:00,sensor_occ,ocupacao,1.0
2025-10-01 00:45:00,sensor_temp,temperatura,17.16
2025-10-01 00:45:00,sensor_lux,luminosidade,0.0
2025-10-01 00:45:00,sensor_occ,ocupacao,0.0
2025-10-01 01:00:00,sensor_temp,temperatura,19.47
2025-10-01 01:00:00,sensor_lux,luminosidade,0.0
2025-10-01 01:00:00,sensor_occ,ocupacao,0.0
2025-10-01 01:15:00,sensor_temp,temperatura,19.3
2025-10-01 01:15:00,sensor_lux,luminosidade,0.0
2025-10-01 01:15:00,sensor_occ,ocupacao,0.0
2025-10-01 01:30:00,sensor_temp,temperatura,19.56
2025-10-01 01:30:00,sensor_lux,luminosidade,0.0
2025-10-01 01:30:00,sensor_occ,ocupacao,0.0
2025-10-01 01:45:00,sensor_temp,temperatura,19.52
2025-10-01 01:45:00,sensor_lux,luminosidade,0.0
2025-10-01 01:45:00,sensor_occ,ocupacao,0.0
2025-10-01 02:00:00,sensor_temp,temperatura,20.58
2025-10-01 02:00:00,sensor_lux,luminosidade,0.0
2025-10-01 02:00:00,sensor_occ,ocupacao,0.0
2025-10-01 02:15:00,sensor_temp,temperatura,20.18
2025-10-01 02:15:00,sensor_lux,luminosidade,0.0
2025-10-01 02:15:00,sensor_occ,ocupacao,0.0
2025-10-01 02:30:00,sensor_temp,temperatura,19.79
2025-10-01 02:30:00,sensor_lux,luminosidade,0.0
2025-10-01 02:30:00,sensor_occ,ocupacao,0.0
2025-10-01 02:45:00,sensor_temp,temperatura,18.78
2025-10-01 02:45:00,sensor_lux,luminosidade,0.0
2025-10-01 02:45:00,sensor_occ,ocupacao,0.0
2025-10-01 03:00:00,sensor_temp,temperatura,19.98
2025-10-01 03:00:00,sensor_lux,luminosidade,0.0
2025-10-01 03:00:00,sensor_occ,ocupacao,1.0
2025-10-01 03:15:00,sensor_temp,temperatura,19.76
2025-10-01 03:15:00,sensor_lux,luminosidade,0.0
2025-10-01 03:15:00,sensor_occ,ocupacao,0.0
2025-10-01 03:30:00,sensor_temp,temperatura,19.1
2025-10-01 03:30:00,sensor_lux,luminosidade,0.0
2025-10-01 03:30:00,sensor_occ,ocupacao,1.0
2025-10-01 03:45:00,sensor_temp,temperatura,19.92
2025-10-01 03:45:00,sensor_lux,luminosidade,0.0
2025-10-01 03:45:00,sensor_occ,ocupacao,0.0
2025-10-01 04:00:00,sensor_temp,temperatura,22.46
2025-10-01 04:00:00,sensor_lux,luminosidade,0.0
2025-10-01 04:00:00,sensor_occ,ocupacao,0.0
2025-10-01 04:15:00,sensor_temp,temperatura,20.24
2025-10-01 04:15:00,sensor_lux,luminosidade,0.0
2025-10-01 04:15:00,sensor_occ,ocupacao,0.0
2025-10-01 04:30:00,sensor_temp,temperatura,20.37
2025-10-01 04:30:00,sensor_lux,luminosidade,0.0
2025-10-01 04:30:00,sensor_occ,ocupacao,0.0
2025-10-01 04:45:00,sensor_temp,temperatura,21.09
2025-10-01 04:45:00,sensor_lux,luminosidade,0.0
2025-10-01 04:45:00,sensor_occ,ocupacao,0.0
2025-10-01 05:00:00,sensor_temp,temperatura,17.84
2025-10-01 05:00:00,sensor_lux,luminosidade,0.0
2025-10-01 05:00:00,sensor_occ,ocupacao,1.0
2025-10-01 05:15:00,sensor_temp,temperatura,20.55
2025-10-01 05:15:00,sensor_lux,luminosidade,0.0
2025-10-01 05:15:00,sensor_occ,ocupacao,0.0
2025-10-01 05:30:00,sensor_temp,temperatura,20.58
2025-10-01 05:30:00,sensor_lux,luminosidade,0.0
2025-10-01 05:30:00,sensor_occ,ocupacao,0.0
2025-10-01 05:45:00,sensor_temp,temperatura,19.62
2025-10-01 05:45:00,sensor_lux,luminosidade,0.0
2025-10-01 05:45:00,sensor_occ,ocupacao,0.0
2025-10-01 06:00:00,sensor_temp,temperatura,23.15
2025-10-01 06:00:00,sensor_lux,luminosidade,848.47
2025-10-01 06:00:00,sensor_occ,ocupacao,0.0
2025-10-01 06:15:00,sensor_temp,temperatura,23.08
2025-10-01 06:15:00,sensor_lux,luminosidade,930.0
2025-10-01 06:15:00,sensor_occ,ocupacao,0.0
2025-10-01 06:30:00,sensor_temp,temperatura,23.74
2025-10-01 06:30:00,sensor_lux,luminosidade,778.4
2025-10-01 06:30:00,sensor_occ,ocupacao,1.0
2025-10-01 06:45:00,sensor_temp,temperatura,23.51
2025-10-01 06:45:00,sensor_lux,luminosidade,806.57
2025-10-01 06:45:00,sensor_occ,ocupacao,0.0
2025-10-01 07:00:00,sensor_temp,temperatura,21.74
2025-10-01 07:00:00,sensor_lux,luminosidade,514.08
2025-10-01 07:00:00,sensor_occ,ocupacao,0.0
2025-10-01 07:15:00,sensor_temp,temperatura,22.54
2025-10-01 07:15:00,sensor_lux,luminosidade,713.51
2025-10-01 07:15:00,sensor_occ,ocupacao,1.0
2025-10-01 07:30:00,sensor_temp,temperatura,23.98
2025-10-01 07:30:00,sensor_lux,luminosidade,838.53
2025-10-01 07:30:00,sensor_occ,ocupacao,0.0
2025-10-01 07:45:00,sensor_temp,temperatura,22.95
2025-10-01 07:45:00,sensor_lux,luminosidade,673.37
2025-10-01 07:45:00,sensor_occ,ocupacao,0.0
2025-10-01 08:00:00,sensor_temp,temperatura,23.49
2025-10-01 08:00:00,sensor_lux,luminosidade,833.78
2025-10-01 08:00:00,sensor_occ,ocupacao,1.0
2025-10-01 08:15:00,sensor_temp,temperatura,24.09
2025-10-01 08:15:00,sensor_lux,luminosidade,833.78
2025-10-01 08:15:00,sensor_occ,ocupacao,1.0
2025-10-01 08:30:00,sensor_temp,temperatura,23.13
2025-10-01 08:30:00,sensor_lux,luminosidade,873.65
2025-10-01 08:30:00,sensor_occ,ocupacao,1.0
2025-10-01 08:45:00,sensor_temp,temperatura,23.57
2025-10-01 08:45:00,sensor_lux,luminosidade,645.01
2025-10-01 08:45:00,sensor_occ,ocupacao,1.0
2025-10-01 09:00:00,sensor_temp,temperatura,22.48
2025-10-01 09:00:00,sensor_lux,luminosidade,780.66
2025-10-01 09:00:00,sensor_occ,ocupacao,1.0
2025-10-01 09:15:00,sensor_temp,temperatura,22.84
2025-10-01 09:15:00,sensor_lux,luminosidade,798.69
2025-10-01 09:15:00,sensor_occ,ocupacao,1.0
2025-10-01 09:30:00,sensor_temp,temperatura,23.82
2025-10-01 09:30:00,sensor_lux,luminosidade,852.67
2025-10-01 09:30:00,sensor_occ,ocupacao,1.0
2025-10-01 09:45:00,sensor_temp,temperatura,24.02
2025-10-01 09:45:00,sensor_lux,luminosidade,898.33
2025-10-01 09:45:00,sensor_occ,ocupacao,0.0
2025-10-01 10:00:00,sensor_temp,temperatura,24.09
2025-10-01 10:00:00,sensor_lux,luminosidade,756.93
2025-10-01 10:00:00,sensor_occ,ocupacao,1.0
2025-10-01 10:15:00,sensor_temp,temperatura,22.31
2025-10-01 10:15:00,sensor_lux,luminosidade,798.73
2025-10-01 10:15:00,sensor_occ,ocupacao,1.0
2025-10-01 10:30:00,sensor_temp,temperatura,24.54
2025-10-01 10:30:00,sensor_lux,luminosidade,772.03
2025-10-01 10:30:00,sensor_occ,ocupacao,1.0
2025-10-01 10:45:00,sensor_temp,temperatura,22.24
2025-10-01 10:45:00,sensor_lux,luminosidade,776.45
2025-10-01 10:45:00,sensor_occ,ocupacao,1.0
2025-10-01 11:00:00,sensor_temp,temperatura,23.64
2025-10-01 11:00:00,sensor_lux,luminosidade,764.82
2025-10-01 11:00:00,sensor_occ,ocupacao,1.0
2025-10-01 11:15:00,sensor_temp,temperatura,22.42
2025-10-01 11:15:00,sensor_lux,luminosidade,671.41
2025-10-01 11:15:00,sensor_occ,ocupacao,0.0
2025-10-01 11:30:00,sensor_temp,temperatura,21.82
2025-10-01 11:30:00,sensor_lux,luminosidade,685.11
2025-10-01 11:30:00,sensor_occ,ocupacao,1.0
2025-10-01 11:45:00,sensor_temp,temperatura,22.31
2025-10-01 11:45:00,sensor_lux,luminosidade,745.72
2025-10-01 11:45:00,sensor_occ,ocupacao,1.0
2025-10-01 12:00:00,sensor_temp,temperatura,26.68
2025-10-01 12:00:00,sensor_lux,luminosidade,594.16
2025-10-01 12:00:00,sensor_occ,ocupacao,1.0
2025-10-01 12:15:00,sensor_temp,temperatura,24.95
2025-10-01 12:15:00,sensor_lux,luminosidade,774.44
2025-10-01 12:15:00,sensor_occ,ocupacao,1.0
2025-10-01 12:30:00,sensor_temp,temperatura,26.7
2025-10-01 12:30:00,sensor_lux,luminosidade,840.98
2025-10-01 12:30:00,sensor_occ,ocupacao,1.0
2025-10-01 12:45:00,sensor_temp,temperatura,27.56
2025-10-01 12:45:00,sensor_lux,luminosidade,802.27
2025-10-01 12:45:00,sensor_occ,ocupacao,1.0
2025-10-01 13:00:00,sensor_temp,temperatura,27.21
2025-10-01 13:00:00,sensor_lux,luminosidade,626.99
2025-10-01 13:00:00,sensor_occ,ocupacao,1.0
2025-10-01 13:15:00,sensor_temp,temperatura,25.03
2025-10-01 13:15:00,sensor_lux,luminosidade,726.81
2025-10-01 13:15:00,sensor_occ,ocupacao,1.0
2025-10-01 13:30:00,sensor_temp,temperatura,24.03
2025-10-01 13:30:00,sensor_lux,luminosidade,756.09
2025-10-01 13:30:00,sensor_occ,ocupacao,1.0
2025-10-01 13:45:00,sensor_temp,temperatura,24.78
2025-10-01 13:45:00,sensor_lux,luminosidade,899.3
2025-10-01 13:45:00,sensor_occ,ocupacao,0.0
2025-10-01 14:00:00,sensor_temp,temperatura,25.23
2025-10-01 14:00:00,sensor_lux,luminosidade,811.8
2025-10-01 14:00:00,sensor_occ,ocupacao,0.0
2025-10-01 14:15:00,sensor_temp,temperatura,26.19
2025-10-01 14:15:00,sensor_lux,luminosidade,870.45
2025-10-01 14:15:00,sensor_occ,ocupacao,0.0
2025-10-01 14:30:00,sensor_temp,temperatura,25.52
2025-10-01 14:30:00,sensor_lux,luminosidade,710.82
2025-10-01 14:30:00,sensor_occ,ocupacao,1.0
2025-10-01 14:45:00,sensor_temp,temperatura,28.05
2025-10-01 14:45:00,sensor_lux,luminosidade,689.68
2025-10-01 14:45:00,sensor_occ,ocupacao,1.0
2025-10-01 15:00:00,sensor_temp,temperatura,24.74
2025-10-01 15:00:00,sensor_lux,luminosidade,707.79
2025-10-01 15:00:00,sensor_occ,ocupacao,1.0
2025-10-01 15:15:00,sensor_temp,temperatura,26.91
2025-10-01 15:15:00,sensor_lux,luminosidade,734.27
2025-10-01 15:15:00,sensor_occ,ocupacao,1.0
2025-10-01 15:30:00,sensor_temp,temperatura,27.64
2025-10-01 15:30:00,sensor_lux,luminosidade,545.6
2025-10-01 15:30:00,sensor_occ,ocupacao,1.0
2025-10-01 15:45:00,sensor_temp,temperatura,26.38
2025-10-01 15:45:00,sensor_lux,luminosidade,718.86
2025-10-01 15:45:00,sensor_occ,ocupacao,0.0
2025-10-01 16:00:00,sensor_temp,temperatura,24.55
2025-10-01 16:00:00,sensor_lux,luminosidade,844.92
2025-10-01 16:00:00,sensor_occ,ocupacao,0.0
2025-10-01 16:15:00,sensor_temp,temperatura,26.18
2025-10-01 16:15:00,sensor_lux,luminosidade,720.13
2025-10-01 16:15:00,sensor_occ,ocupacao,1.0
2025-10-01 16:30:00,sensor_temp,temperatura,25.27
2025-10-01 16:30:00,sensor_lux,luminosidade,679.41
2025-10-01 16:30:00,sensor_occ,ocupacao,1.0
2025-10-01 16:45:00,sensor_temp,temperatura,25.75
2025-10-01 16:45:00,sensor_lux,luminosidade,804.32
2025-10-01 16:45:00,sensor_occ,ocupacao,0.0
2025-10-01 17:00:00,sensor_temp,temperatura,26.48
2025-10-01 17:00:00,sensor_lux,luminosidade,824.85
2025-10-01 17:00:00,sensor_occ,ocupacao,1.0
2025-10-01 17:15:00,sensor_temp,temperatura,26.48
2025-10-01 17:15:00,sensor_lux,luminosidade,651.8
2025-10-01 17:15:00,sensor_occ,ocupacao,0.0
2025-10-01 17:30:00,sensor_temp,temperatura,27.42
2025-10-01 17:30:00,sensor_lux,luminosidade,761.38
2025-10-01 17:30:00,sensor_occ,ocupacao,1.0
2025-10-01 17:45:00,sensor_temp,temperatura,25.64
2025-10-01 17:45:00,sensor_lux,luminosidade,831.75
2025-10-01 17:45:00,sensor_occ,ocupacao,1.0
2025-10-01 18:00:00,sensor_temp,temperatura,21.67
2025-10-01 18:00:00,sensor_lux,luminosidade,0.0
2025-10-01 18:00:00,sensor_occ,ocupacao,0.0
2025-10-01 18:15:00,sensor_temp,temperatura,23.45
2025-10-01 18:15:00,sensor_lux,luminosidade,0.0
2025-10-01 18:15:00,sensor_occ,ocupacao,0.0
2025-10-01 18:30:00,sensor_temp,temperatura,22.5
2025-10-01 18:30:00,sensor_lux,luminosidade,0.0
2025-10-01 18:30:00,sensor_occ,ocupacao,0.0
2025-10-01 18:45:00,sensor_temp,temperatura,22.67
2025-10-01 18:45:00,sensor_lux,luminosidade,0.0
2025-10-01 18:45:00,sensor_occ,ocupacao,0.0
2025-10-01 19:00:00,sensor_temp,temperatura,22.53
2025-10-01 19:00:00,sensor_lux,luminosidade,0.0
2025-10-01 19:00:00,sensor_occ,ocupacao,1.0
2025-10-01 19:15:00,sensor_temp,temperatura,23.3
2025-10-01 19:15:00,sensor_lux,luminosidade,0.0
2025-10-01 19:15:00,sensor_occ,ocupacao,0.0
2025-10-01 19:30:00,sensor_temp,temperatura,22.19
2025-10-01 19:30:00,sensor_lux,luminosidade,0.0
2025-10-01 19:30:00,sensor_occ,ocupacao,0.0
2025-10-01 19:45:00,sensor_temp,temperatura,22.17
2025-10-01 19:45:00,sensor_lux,luminosidade,0.0
2025-10-01 19:45:00,sensor_occ,ocupacao,0.0
2025-10-01 20:00:00,sensor_temp,temperatura,21.38
2025-10-01 20:00:00,sensor_lux,luminosidade,0.0
2025-10-01 20:00:00,sensor_occ,ocupacao,0.0
2025-10-01 20:15:00,sensor_temp,temperatura,22.11
2025-10-01 20:15:00,sensor_lux,luminosidade,0.0
2025-10-01 20:15:00,sensor_occ,ocupacao,1.0
2025-10-01 20:30:00,sensor_temp,temperatura,22.95
2025-10-01 20:30:00,sensor_lux,luminosidade,0.0
2025-10-01 20:30:00,sensor_occ,ocupacao,1.0
2025-10-01 20:45:00,sensor_temp,temperatura,20.68
2025-10-01 20:45:00,sensor_lux,luminosidade,0.0
2025-10-01 20:45:00,sensor_occ,ocupacao,0.0
2025-10-01 21:00:00,sensor_temp,temperatura,21.47
2025-10-01 21:00:00,sensor_lux,luminosidade,0.0
2025-10-01 21:00:00,sensor_occ,ocupacao,0.0
2025-10-01 21:15:00,sensor_temp,temperatura,22.32
2025-10-01 21:15:00,sensor_lux,luminosidade,0.0
2025-10-01 21:15:00,sensor_occ,ocupacao,1.0
2025-10-01 21:30:00,sensor_temp,temperatura,22.46
2025-10-01 21:30:00,sensor_lux,luminosidade,0.0
2025-10-01 21:30:00,sensor_occ,ocupacao,0.0
2025-10-01 21:45:00,sensor_temp,temperatura,22.37
2025-10-01 21:45:00,sensor_lux,luminosidade,0.0
2025-10-01 21:45:00,sensor_occ,ocupacao,0.0
2025-10-01 22:00:00,sensor_temp,temperatura,23.23
2025-10-01 22:00:00,sensor_lux,luminosidade,0.0
2025-10-01 22:00:00,sensor_occ,ocupacao,0.0
2025-10-01 22:15:00,sensor_temp,temperatura,20.65
2025-10-01 22:15:00,sensor_lux,luminosidade,0.0
2025-10-01 22:15:00,sensor_occ,ocupacao,0.0
2025-10-01 22:30:00,sensor_temp,temperatura,21.95
2025-10-01 22:30:00,sensor_lux,luminosidade,0.0
2025-10-01 22:30:00,sensor_occ,ocupacao,0.0
2025-10-01 22:45:00,sensor_temp,temperatura,21.26
2025-10-01 22:45:00,sensor_lux,luminosidade,0.0
2025-10-01 22:45:00,sensor_occ,ocupacao,1.0
2025-10-01 23:00:00,sensor_temp,temperatura,21.6
2025-10-01 23:00:00,sensor_lux,luminosidade,0.0
2025-10-01 23:00:00,sensor_occ,ocupacao,1.0
2025-10-01 23:15:00,sensor_temp,temperatura,22.56
2025-10-01 23:15:00,sensor_lux,luminosidade,0.0
2025-10-01 23:15:00,sensor_occ,ocupacao,0.0
2025-10-01 23:30:00,sensor_temp,temperatura,21.67
2025-10-01 23:30:00,sensor_lux,luminosidade,0.0
2025-10-01 23:30:00,sensor_occ,ocupacao,0.0
2025-10-01 23:45:00,sensor_temp,temperatura,22.16
2025-10-01 23:45:00,sensor_lux,luminosidade,0.0
2025-10-01 23:45:00,sensor_occ,ocupacao,0.0
2025-10-02 00:00:00,sensor_temp,temperatura,20.7
2025-10-02 00:00:00,sensor_lux,luminosidade,0.0
2025-10-02 00:00:00,sensor_occ,ocupacao,1.0
2025-10-02 00:15:00,sensor_temp,temperatura,20.96
2025-10-02 00:15:00,sensor_lux,luminosidade,0.0
2025-10-02 00:15:00,sensor_occ,ocupacao,0.0
2025-10-02 00:30:00,sensor_temp,temperatura,19.13
2025-10-02 00:30:00,sensor_lux,luminosidade,0.0
2025-10-02 00:30:00,sensor_occ,ocupacao,0.0
2025-10-02 00:45:00,sensor_temp,temperatura,20.8
2025-10-02 00:45:00,sensor_lux,luminosidade,0.0
2025-10-02 00:45:00,sensor_occ,ocupacao,0.0
2025-10-02 01:00:00,sensor_temp,temperatura,19.74
2025-10-02 01:00:00,sensor_lux,luminosidade,0.0
2025-10-02 01:00:00,sensor_occ,ocupacao,0.0
2025-10-02 01:15:00,sensor_temp,temperatura,20.04
2025-10-02 01:15:00,sensor_lux,luminosidade,0.0
2025-10-02 01:15:00,sensor_occ,ocupacao,0.0
2025-10-02 01:30:00,sensor_temp,temperatura,20.44
2025-10-02 01:30:00,sensor_lux,luminosidade,0.0
2025-10-02 01:30:00,sensor_occ,ocupacao,0.0
2025-10-02 01:45:00,sensor_temp,temperatura,20.13
2025-10-02 01:45:00,sensor_lux,luminosidade,0.0
2025-10-02 01:45:00,sensor_occ,ocupacao,0.0
2025-10-02 02:00:00,sensor_temp,temperatura,19.24
2025-10-02 02:00:00,sensor_lux,luminosidade,0.0
2025-10-02 02:00:00,sensor_occ,ocupacao,0.0
2025-10-02 02:15:00,sensor_temp,temperatura,21.09
2025-10-02 02:15:00,sensor_lux,luminosidade,0.0
2025-10-02 02:15:00,sensor_occ,ocupacao,0.0
2025-10-02 02:30:00,sensor_temp,temperatura,21.39
2025-10-02 02:30:00,sensor_lux,luminosidade,0.0
2025-10-02 02:30:00,sensor_occ,ocupacao,1.0
2025-10-02 02:45:00,sensor_temp,temperatura,19.05
2025-10-02 02:45:00,sensor_lux,luminosidade,0.0
2025-10-02 02:45:00,sensor_occ,ocupacao,0.0
2025-10-02 03:00:00,sensor_temp,temperatura,20.65
2025-10-02 03:00:00,sensor_lux,luminosidade,0.0
2025-10-02 03:00:00,sensor_occ,ocupacao,0.0
2025-10-02 03:15:00,sensor_temp,temperatura,20.87
2025-10-02 03:15:00,sensor_lux,luminosidade,0.0
2025-10-02 03:15:00,sensor_occ,ocupacao,0.0
2025-10-02 03:30:00,sensor_temp,temperatura,19.43
2025-10-02 03:30:00,sensor_lux,luminosidade,0.0
2025-10-02 03:30:00,sensor_occ,ocupacao,1.0
2025-10-02 03:45:00,sensor_temp,temperatura,21.75
2025-10-02 03:45:00,sensor_lux,luminosidade,0.0
2025-10-02 03:45:00,sensor_occ,ocupacao,0.0
2025-10-02 04:00:00,sensor_temp,temperatura,20.9
2025-10-02 04:00:00,sensor_lux,luminosidade,0.0
2025-10-02 04:00:00,sensor_occ,ocupacao,1.0
2025-10-02 04:15:00,sensor_temp,temperatura,20.73
2025-10-02 04:15:00,sensor_lux,luminosidade,0.0
2025-10-02 04:15:00,sensor_occ,ocupacao,0.0
2025-10-02 04:30:00,sensor_temp,temperatura,20.2
2025-10-02 04:30:00,sensor_lux,luminosidade,0.0
2025-10-02 04:30:00,sensor_occ,ocupacao,0.0
2025-10-02 04:45:00,sensor_temp,temperatura,18.89
2025-10-02 04:45:00,sensor_lux,luminosidade,0.0
2025-10-02 04:45:00,sensor_occ,ocupacao,0.0
2025-10-02 05:00:00,sensor_temp,temperatura,21.31
2025-10-02 05:00:00,sensor_lux,luminosidade,0.0
2025-10-02 05:00:00,sensor_occ,ocupacao,1.0
2025-10-02 05:15:00,sensor_temp,temperatura,20.12
2025-10-02 05:15:00,sensor_lux,luminosidade,0.0
2025-10-02 05:15:00,sensor_occ,ocupacao,0.0
2025-10-02 05:30:00,sensor_temp,temperatura,17.1
2025-10-02 05:30:00,sensor_lux,luminosidade,0.0
2025-10-02 05:30:00,sensor_occ,ocupacao,0.0
2025-10-02 05:45:00,sensor_temp,temperatura,19.77
2025-10-02 05:45:00,sensor_lux,luminosidade,0.0
2025-10-02 05:45:00,sensor_occ,ocupacao,0.0
2025-10-02 06:00:00,sensor_temp,temperatura,22.41
2025-10-02 06:00:00,sensor_lux,luminosidade,782.25
2025-10-02 06:00:00,sensor_occ,ocupacao,0.0
2025-10-02 06:15:00,sensor_temp,temperatura,24.0
2025-10-02 06:15:00,sensor_lux,luminosidade,864.21
2025-10-02 06:15:00,sensor_occ,ocupacao,0.0
2025-10-02 06:30:00,sensor_temp,temperatura,23.67
2025-10-02 06:30:00,sensor_lux,luminosidade,916.21
2025-10-02 06:30:00,sensor_occ,ocupacao,0.0
2025-10-02 06:45:00,sensor_temp,temperatura,21.19
2025-10-02 06:45:00,sensor_lux,luminosidade,699.26
2025-10-02 06:45:00,sensor_occ,ocupacao,0.0
2025-10-02 07:00:00,sensor_temp,temperatura,24.49
2025-10-02 07:00:00,sensor_lux,luminosidade,675.69
2025-10-02 07:00:00,sensor_occ,ocupacao,0.0
2025-10-02 07:15:00,sensor_temp,temperatura,22.88
2025-10-02 07:15:00,sensor_lux,luminosidade,844.05
2025-10-02 07:15:00,sensor_occ,ocupacao,0.0
2025-10-02 07:30:00,sensor_temp,temperatura,22.7
2025-10-02 07:30:00,sensor_lux,luminosidade,783.99
2025-10-02 07:30:00,sensor_occ,ocupacao,0.0
2025-10-02 07:45:00,sensor_temp,temperatura,23.07
2025-10-02 07:45:00,sensor_lux,luminosidade,814.35
2025-10-02 07:45:00,sensor_occ,ocupacao,0.0
2025-10-02 08:00:00,sensor_temp,temperatura,23.31
2025-10-02 08:00:00,sensor_lux,luminosidade,820.63
2025-10-02 08:00:00,sensor_occ,ocupacao,1.0
2025-10-02 08:15:00,sensor_temp,temperatura,22.73
2025-10-02 08:15:00,sensor_lux,luminosidade,747.69
2025-10-02 08:15:00,sensor_occ,ocupacao,1.0
2025-10-02 08:30:00,sensor_temp,temperatura,24.39
2025-10-02 08:30:00,sensor_lux,luminosidade,900.51
2025-10-02 08:30:00,sensor_occ,ocupacao,1.0
2025-10-02 08:45:00,sensor_temp,temperatura,22.2
2025-10-02 08:45:00,sensor_lux,luminosidade,746.03
2025-10-02 08:45:00,sensor_occ,ocupacao,0.0
2025-10-02 09:00:00,sensor_temp,temperatura,23.16
2025-10-02 09:00:00,sensor_lux,luminosidade,698.19
2025-10-02 09:00:00,sensor_occ,ocupacao,1.0
2025-10-02 09:15:00,sensor_temp,temperatura,21.54
2025-10-02 09:15:00,sensor_lux,luminosidade,743.61
2025-10-02 09:15:00,sensor_occ,ocupacao,0.0
2025-10-02 09:30:00,sensor_temp,temperatura,22.25
2025-10-02 09:30:00,sensor_lux,luminosidade,787.85
2025-10-02 09:30:00,sensor_occ,ocupacao,1.0
2025-10-02 09:45:00,sensor_temp,temperatura,23.81
2025-10-02 09:45:00,sensor_lux,luminosidade,737.48
2025-10-02 09:45:00,sensor_occ,ocupacao,1.0
2025-10-02 10:00:00,sensor_temp,temperatura,22.72
2025-10-02 10:00:00,sensor_lux,luminosidade,734.91
2025-10-02 10:00:00,sensor_occ,ocupacao,1.0
2025-10-02 10:15:00,sensor_temp,temperatura,25.12
2025-10-02 10:15:00,sensor_lux,luminosidade,929.66
2025-10-02 10:15:00,sensor_occ,ocupacao,1.0
2025-10-02 10:30:00,sensor_temp,temperatura,22.57
2025-10-02 10:30:00,sensor_lux,luminosidade,651.59
2025-10-02 10:30:00,sensor_occ,ocupacao,1.0
2025-10-02 10:45:00,sensor_temp,temperatura,23.84
2025-10-02 10:45:00,sensor_lux,luminosidade,1073.32
2025-10-02 10:45:00,sensor_occ,ocupacao,1.0
2025-10-02 11:00:00,sensor_temp,temperatura,22.85
2025-10-02 11:00:00,sensor_lux,luminosidade,983.99
2025-10-02 11:00:00,sensor_occ,ocupacao,0.0
2025-10-02 11:15:00,sensor_temp,temperatura,23.91
2025-10-02 11:15:00,sensor_lux,luminosidade,796.45
2025-10-02 11:15:00,sensor_occ,ocupacao,1.0
2025-10-02 11:30:00,sensor_temp,temperatura,23.31
2025-10-02 11:30:00,sensor_lux,luminosidade,846.94
2025-10-02 11:30:00,sensor_occ,ocupacao,1.0
2025-10-02 11:45:00,sensor_temp,temperatura,21.77
2025-10-02 11:45:00,sensor_lux,luminosidade,925.49
2025-10-02 11:45:00,sensor_occ,ocupacao,1.0
2025-10-02 12:00:00,sensor_temp,temperatura,27.06
2025-10-02 12:00:00,sensor_lux,luminosidade,968.42
2025-10-02 12:00:00,sensor_occ,ocupacao,0.0
2025-10-02 12:15:00,sensor_temp,temperatura,25.68
2025-10-02 12:15:00,sensor_lux,luminosidade,666.46
2025-10-02 12:15:00,sensor_occ,ocupacao,1.0
2025-10-02 12:30:00,sensor_temp,temperatura,26.56
2025-10-02 12:30:00,sensor_lux,luminosidade,692.18
2025-10-02 12:30:00,sensor_occ,ocupacao,1.0
2025-10-02 12:45:00,sensor_temp,temperatura,26.77
2025-10-02 12:45:00,sensor_lux,luminosidade,780.83
2025-10-02 12:45:00,sensor_occ,ocupacao,1.0
2025-10-02 13:00:00,sensor_temp,temperatura,25.13
2025-10-02 13:00:00,sensor_lux,luminosidade,813.08
2025-10-02 13:00:00,sensor_occ,ocupacao,1.0
2025-10-02 13:15:00,sensor_temp,temperatura,24.73
2025-10-02 13:15:00,sensor_lux,luminosidade,853.03
2025-10-02 13:15:00,sensor_occ,ocupacao,0.0
2025-10-02 13:30:00,sensor_temp,temperatura,27.49
2025-10-02 13:30:00,sensor_lux,luminosidade,856.48
2025-10-02 13:30:00,sensor_occ,ocupacao,0.0
2025-10-02 13:45:00,sensor_temp,temperatura,27.59
2025-10-02 13:45:00,sensor_lux,luminosidade,820.54
2025-10-02 13:45:00,sensor_occ,ocupacao,0.0
2025-10-02 14:00:00,sensor_temp,temperatura,27.0
2025-10-02 14:00:00,sensor_lux,luminosidade,818.48
2025-10-02 14:00:00,sensor_occ,ocupacao,0.0
2025-10-02 14:15:00,sensor_temp,temperatura,24.64
2025-10-02 14:15:00,sensor_lux,luminosidade,714.59
2025-10-02 14:15:00,sensor_occ,ocupacao,1.0
2025-10-02 14:30:00,sensor_temp,temperatura,26.28
2025-10-02 14:30:00,sensor_lux,luminosidade,845.08
2025-10-02 14:30:00,sensor_occ,ocupacao,0.0
2025-10-02 14:45:00,sensor_temp,temperatura,25.84
2025-10-02 14:45:00,sensor_lux,luminosidade,803.17
2025-10-02 14:45:00,sensor_occ,ocupacao,1.0
2025-10-02 15:00:00,sensor_temp,temperatura,24.1
2025-10-02 15:00:00,sensor_lux,luminosidade,786.6
2025-10-02 15:00:00,sensor_occ,ocupacao,1.0
2025-10-02 15:15:00,sensor_temp,temperatura,27.26
2025-10-02 15:15:00,sensor_lux,luminosidade,760.55
2025-10-02 15:15:00,sensor_occ,ocupacao,0.0
2025-10-02 15:30:00,sensor_temp,temperatura,25.55
2025-10-02 15:30:00,sensor_lux,luminosidade,828.4
2025-10-02 15:30:00,sensor_occ,ocupacao,1.0
2025-10-02 15:45:00,sensor_temp,temperatura,26.32
2025-10-02 15:45:00,sensor_lux,luminosidade,807.2
2025-10-02 15:45:00,sensor_occ,ocupacao,1.0
2025-10-02 16:00:00,sensor_temp,temperatura,26.06
2025-10-02 16:00:00,sensor_lux,luminosidade,917.79
2025-10-02 16:00:00,sensor_occ,ocupacao,1.0
2025-10-02 16:15:00,sensor_temp,temperatura,25.53
2025-10-02 16:15:00,sensor_lux,luminosidade,684.38
2025-10-02 16:15:00,sensor_occ,ocupacao,1.0
2025-10-02 16:30:00,sensor_temp,temperatura,25.92
2025-10-02 16:30:00,sensor_lux,luminosidade,880.43
2025-10-02 16:30:00,sensor_occ,ocupacao,1.0
2025-10-02 16:45:00,sensor_temp,temperatura,26.4
2025-10-02 16:45:00,sensor_lux,luminosidade,895.52
2025-10-02 16:45:00,sensor_occ,ocupacao,0.0
2025-10-02 17:00:00,sensor_temp,temperatura,25.67
2025-10-02 17:00:00,sensor_lux,luminosidade,782.22
2025-10-02 17:00:00,sensor_occ,ocupacao,0.0
2025-10-02 17:15:00,sensor_temp,temperatura,25.97
2025-10-02 17:15:00,sensor_lux,luminosidade,953.02
2025-10-02 17:15:00,sensor_occ,ocupacao,1.0
2025-10-02 17:30:00,sensor_temp,temperatura,25.28
2025-10-02 17:30:00,sensor_lux,luminosidade,901.44
2025-10-02 17:30:00,sensor_occ,ocupacao,1.0
2025-10-02 17:45:00,sensor_temp,temperatura,25.61
2025-10-02 17:45:00,sensor_lux,luminosidade,792.61
2025-10-02 17:45:00,sensor_occ,ocupacao,1.0
2025-10-02 18:00:00,sensor_temp,temperatura,21.89
2025-10-02 18:00:00,sensor_lux,luminosidade,0.0
2025-10-02 18:00:00,sensor_occ,ocupacao,0.0
2025-10-02 18:15:00,sensor_temp,temperatura,21.45
2025-10-02 18:15:00,sensor_lux,luminosidade,0.0
2025-10-02 18:15:00,sensor_occ,ocupacao,0.0
2025-10-02 18:30:00,sensor_temp,temperatura,23.42
2025-10-02 18:30:00,sensor_lux,luminosidade,0.0
2025-10-02 18:30:00,sensor_occ,ocupacao,0.0
2025-10-02 18:45:00,sensor_temp,temperatura,23.01
2025-10-02 18:45:00,sensor_lux,luminosidade,0.0
2025-10-02 18:45:00,sensor_occ,ocupacao,0.0
2025-10-02 19:00:00,sensor_temp,temperatura,23.25
2025-10-02 19:00:00,sensor_lux,luminosidade,0.0
2025-10-02 19:00:00,sensor_occ,ocupacao,0.0
2025-10-02 19:15:00,sensor_temp,temperatura,20.23
2025-10-02 19:15:00,sensor_lux,luminosidade,0.0
2025-10-02 19:15:00,sensor_occ,ocupacao,0.0
2025-10-02 19:30:00,sensor_temp,temperatura,22.74
2025-10-02 19:30:00,sensor_lux,luminosidade,0.0
2025-10-02 19:30:00,sensor_occ,ocupacao,0.0
2025-10-02 19:45:00,sensor_temp,temperatura,21.27
2025-10-02 19:45:00,sensor_lux,luminosidade,0.0
2025-10-02 19:45:00,sensor_occ,ocupacao,0.0
2025-10-02 20:00:00,sensor_temp,temperatura,20.94
2025-10-02 20:00:00,sensor_lux,luminosidade,0.0
2025-10-02 20:00:00,sensor_occ,ocupacao,1.0
2025-10-02 20:15:00,sensor_temp,temperatura,21.28
2025-10-02 20:15:00,sensor_lux,luminosidade,0.0
2025-10-02 20:15:00,sensor_occ,ocupacao,0.0
2025-10-02 20:30:00,sensor_temp,temperatura,21.61
2025-10-02 20:30:00,sensor_lux,luminosidade,0.0
2025-10-02 20:30:00,sensor_occ,ocupacao,0.0
2025-10-02 20:45:00,sensor_temp,temperatura,22.34
2025-10-02 20:45:00,sensor_lux,luminosidade,0.0
2025-10-02 20:45:00,sensor_occ,ocupacao,1.0
2025-10-02 21:00:00,sensor_temp,temperatura,20.47
2025-10-02 21:00:00,sensor_lux,luminosidade,0.0
2025-10-02 21:00:00,sensor_occ,ocupacao,0.0
2025-10-02 21:15:00,sensor_temp,temperatura,22.12
2025-10-02 21:15:00,sensor_lux,luminosidade,0.0
2025-10-02 21:15:00,sensor_occ,ocupacao,0.0
2025-10-02 21:30:00,sensor_temp,temperatura,22.22
2025-10-02 21:30:00,sensor_lux,luminosidade,0.0
2025-10-02 21:30:00,sensor_occ,ocupacao,0.0
2025-10-02 21:45:00,sensor_temp,temperatura,22.39
2025-10-02 21:45:00,sensor_lux,luminosidade,0.0
2025-10-02 21:45:00,sensor_occ,ocupacao,0.0
2025-10-02 22:00:00,sensor_temp,temperatura,22.66
2025-10-02 22:00:00,sensor_lux,luminosidade,0.0
2025-10-02 22:00:00,sensor_occ,ocupacao,0.0
2025-10-02 22:15:00,sensor_temp,temperatura,23.31
2025-10-02 22:15:00,sensor_lux,luminosidade,0.0
2025-10-02 22:15:00,sensor_occ,ocupacao,0.0
2025-10-02 22:30:00,sensor_temp,temperatura,22.14
2025-10-02 22:30:00,sensor_lux,luminosidade,0.0
2025-10-02 22:30:00,sensor_occ,ocupacao,0.0
2025-10-02 22:45:00,sensor_temp,temperatura,23.1
2025-10-02 22:45:00,sensor_lux,luminosidade,0.0
2025-10-02 22:45:00,sensor_occ,ocupacao,0.0
2025-10-02 23:00:00,sensor_temp,temperatura,23.49
2025-10-02 23:00:00,sensor_lux,luminosidade,0.0
2025-10-02 23:00:00,sensor_occ,ocupacao,0.0
2025-10-02 23:15:00,sensor_temp,temperatura,22.38
2025-10-02 23:15:00,sensor_lux,luminosidade,0.0
2025-10-02 23:15:00,sensor_occ,ocupacao,0.0
2025-10-02 23:30:00,sensor_temp,temperatura,22.0
2025-10-02 23:30:00,sensor_lux,luminosidade,0.0
2025-10-02 23:30:00,sensor_occ,ocupacao,0.0
2025-10-02 23:45:00,sensor_temp,temperatura,22.21
2025-10-02 23:45:00,sensor_lux,luminosidade,0.0
2025-10-02 23:45:00,sensor_occ,ocupacao,0.0
2025-10-03 00:00:00,sensor_temp,temperatura,19.58
2025-10-03 00:00:00,sensor_lux,luminosidade,0.0
2025-10-03 00:00:00,sensor_occ,ocupacao,1.0
2025-10-03 00:15:00,sensor_temp,temperatura,17.89
2025-10-03 00:15:00,sensor_lux,luminosidade,0.0
2025-10-03 00:15:00,sensor_occ,ocupacao,0.0
2025-10-03 00:30:00,sensor_temp,temperatura,21.44
2025-10-03 00:30:00,sensor_lux,luminosidade,0.0
2025-10-03 00:30:00,sensor_occ,ocupacao,0.0
2025-10-03 00:45:00,sensor_temp,temperatura,19.06
2025-10-03 00:45:00,sensor_lux,luminosidade,0.0
2025-10-03 00:45:00,sensor_occ,ocupacao,0.0
2025-10-03 01:00:00,sensor_temp,temperatura,19.51
2025-10-03 01:00:00,sensor_lux,luminosidade,0.0
2025-10-03 01:00:00,sensor_occ,ocupacao,0.0
2025-10-03 01:15:00,sensor_temp,temperatura,19.39
2025-10-03 01:15:00,sensor_lux,luminosidade,0.0
2025-10-03 01:15:00,sensor_occ,ocupacao,0.0
2025-10-03 01:30:00,sensor_temp,temperatura,20.73
2025-10-03 01:30:00,sensor_lux,luminosidade,0.0
2025-10-03 01:30:00,sensor_occ,ocupacao,0.0
2025-10-03 01:45:00,sensor_temp,temperatura,20.71
2025-10-03 01:45:00,sensor_lux,luminosidade,0.0
2025-10-03 01:45:00,sensor_occ,ocupacao,0.0
2025-10-03 02:00:00,sensor_temp,temperatura,17.43
2025-10-03 02:00:00,sensor_lux,luminosidade,0.0
2025-10-03 02:00:00,sensor_occ,ocupacao,0.0
2025-10-03 02:15:00,sensor_temp,temperatura,19.98
2025-10-03 02:15:00,sensor_lux,luminosidade,0.0
2025-10-03 02:15:00,sensor_occ,ocupacao,0.0
2025-10-03 02:30:00,sensor_temp,temperatura,22.53
2025-10-03 02:30:00,sensor_lux,luminosidade,0.0
2025-10-03 02:30:00,sensor_occ,ocupacao,0.0
2025-10-03 02:45:00,sensor_temp,temperatura,19.56
2025-10-03 02:45:00,sensor_lux,luminosidade,0.0
2025-10-03 02:45:00,sensor_occ,ocupacao,1.0
2025-10-03 03:00:00,sensor_temp,temperatura,19.26
2025-10-03 03:00:00,sensor_lux,luminosidade,0.0
2025-10-03 03:00:00,sensor_occ,ocupacao,0.0
2025-10-03 03:15:00,sensor_temp,temperatura,20.38
2025-10-03 03:15:00,sensor_lux,luminosidade,0.0
2025-10-03 03:15:00,sensor_occ,ocupacao,0.0
2025-10-03 03:30:00,sensor_temp,temperatura,20.37
2025-10-03 03:30:00,sensor_lux,luminosidade,0.0
2025-10-03 03:30:00,sensor_occ,ocupacao,1.0
2025-10-03 03:45:00,sensor_temp,temperatura,18.51
2025-10-03 03:45:00,sensor_lux,luminosidade,0.0
2025-10-03 03:45:00,sensor_occ,ocupacao,0.0
2025-10-03 04:00:00,sensor_temp,temperatura,20.09
2025-10-03 04:00:00,sensor_lux,luminosidade,0.0
2025-10-03 04:00:00,sensor_occ,ocupacao,0.0
2025-10-03 04:15:00,sensor_temp,temperatura,19.76
2025-10-03 04:15:00,sensor_lux,luminosidade,0.0
2025-10-03 04:15:00,sensor_occ,ocupacao,0.0
2025-10-03 04:30:00,sensor_temp,temperatura,18.06
2025-10-03 04:30:00,sensor_lux,luminosidade,0.0
2025-10-03 04:30:00,sensor_occ,ocupacao,0.0
2025-10-03 04:45:00,sensor_temp,temperatura,20.35
2025-10-03 04:45:00,sensor_lux,luminosidade,0.0
2025-10-03 04:45:00,sensor_occ,ocupacao,0.0
2025-10-03 05:00:00,sensor_temp,temperatura,18.9
2025-10-03 05:00:00,sensor_lux,luminosidade,0.0
2025-10-03 05:00:00,sensor_occ,ocupacao,0.0
2025-10-03 05:15:00,sensor_temp,temperatura,21.52
2025-10-03 05:15:00,sensor_lux,luminosidade,0.0
2025-10-03 05:15:00,sensor_occ,ocupacao,0.0
2025-10-03 05:30:00,sensor_temp,temperatura,20.71
2025-10-03 05:30:00,sensor_lux,luminosidade,0.0
2025-10-03 05:30:00,sensor_occ,ocupacao,0.0
2025-10-03 05:45:00,sensor_temp,temperatura,19.59
2025-10-03 05:45:00,sensor_lux,luminosidade,0.0
2025-10-03 05:45:00,sensor_occ,ocupacao,0.0
2025-10-03 06:00:00,sensor_temp,temperatura,21.89
2025-10-03 06:00:00,sensor_lux,luminosidade,714.91
2025-10-03 06:00:00,sensor_occ,ocupacao,0.0
2025-10-03 06:15:00,sensor_temp,temperatura,23.01
2025-10-03 06:15:00,sensor_lux,luminosidade,838.3
2025-10-03 06:15:00,sensor_occ,ocupacao,0.0
2025-10-03 06:30:00,sensor_temp,temperatura,23.03
2025-10-03 06:30:00,sensor_lux,luminosidade,783.44
2025-10-03 06:30:00,sensor_occ,ocupacao,0.0
2025-10-03 06:45:00,sensor_temp,temperatura,23.68
2025-10-03 06:45:00,sensor_lux,luminosidade,843.8
2025-10-03 06:45:00,sensor_occ,ocupacao,0.0
2025-10-03 07:00:00,sensor_temp,temperatura,23.59
2025-10-03 07:00:00,sensor_lux,luminosidade,707.36
2025-10-03 07:00:00,sensor_occ,ocupacao,0.0
2025-10-03 07:15:00,sensor_temp,temperatura,22.68
2025-10-03 07:15:00,sensor_lux,luminosidade,833.67
2025-10-03 07:15:00,sensor_occ,ocupacao,0.0
2025-10-03 07:30:00,sensor_temp,temperatura,23.16
2025-10-03 07:30:00,sensor_lux,luminosidade,810.17
2025-10-03 07:30:00,sensor_occ,ocupacao,0.0
2025-10-03 07:45:00,sensor_temp,temperatura,23.89
2025-10-03 07:45:00,sensor_lux,luminosidade,742.53
2025-10-03 07:45:00,sensor_occ,ocupacao,0.0
2025-10-03 08:00:00,sensor_temp,temperatura,22.21
2025-10-03 08:00:00,sensor_lux,luminosidade,910.36
2025-10-03 08:00:00,sensor_occ,ocupacao,1.0
2025-10-03 08:15:00,sensor_temp,temperatura,23.53
2025-10-03 08:15:00,sensor_lux,luminosidade,712.21
2025-10-03 08:15:00,sensor_occ,ocupacao,1.0
2025-10-03 08:30:00,sensor_temp,temperatura,22.07
2025-10-03 08:30:00,sensor_lux,luminosidade,780.44
2025-10-03 08:30:00,sensor_occ,ocupacao,1.0
2025-10-03 08:45:00,sensor_temp,temperatura,22.71
2025-10-03 08:45:00,sensor_lux,luminosidade,834.76
2025-10-03 08:45:00,sensor_occ,ocupacao,0.0
2025-10-03 09:00:00,sensor_temp,temperatura,23.91
2025-10-03 09:00:00,sensor_lux,luminosidade,761.52
2025-10-03 09:00:00,sensor_occ,ocupacao,0.0
2025-10-03 09:15:00,sensor_temp,temperatura,23.18
2025-10-03 09:15:00,sensor_lux,luminosidade,734.56
2025-10-03 09:15:00,sensor_occ,ocupacao,0.0
2025-10-03 09:30:00,sensor_temp,temperatura,23.19
2025-10-03 09:30:00,sensor_lux,luminosidade,606.39
2025-10-03 09:30:00,sensor_occ,ocupacao,0.0
2025-10-03 09:45:00,sensor_temp,temperatura,23.03
2025-10-03 09:45:00,sensor_lux,luminosidade,868.42
2025-10-03 09:45:00,sensor_occ,ocupacao,1.0
2025-10-03 10:00:00,sensor_temp,temperatura,25.98
2025-10-03 10:00:00,sensor_lux,luminosidade,738.35
2025-10-03 10:00:00,sensor_occ,ocupacao,1.0
2025-10-03 10:15:00,sensor_temp,temperatura,22.82
2025-10-03 10:15:00,sensor_lux,luminosidade,906.97
2025-10-03 10:15:00,sensor_occ,ocupacao,1.0
2025-10-03 10:30:00,sensor_temp,temperatura,23.86
2025-10-03 10:30:00,sensor_lux,luminosidade,829.42
2025-10-03 10:30:00,sensor_occ,ocupacao,1.0
2025-10-03 10:45:00,sensor_temp,temperatura,21.39
2025-10-03 10:45:00,sensor_lux,luminosidade,902.04
2025-10-03 10:45:00,sensor_occ,ocupacao,1.0
2025-10-03 11:00:00,sensor_temp,temperatura,23.68
2025-10-03 11:00:00,sensor_lux,luminosidade,851.35
2025-10-03 11:00:00,sensor_occ,ocupacao,1.0
2025-10-03 11:15:00,sensor_temp,temperatura,24.54
2025-10-03 11:15:00,sensor_lux,luminosidade,832.67
2025-10-03 11:15:00,sensor_occ,ocupacao,1.0
2025-10-03 11:30:00,sensor_temp,temperatura,23.89
2025-10-03 11:30:00,sensor_lux,luminosidade,829.68
2025-10-03 11:30:00,sensor_occ,ocupacao,0.0
2025-10-03 11:45:00,sensor_temp,temperatura,22.97
2025-10-03 11:45:00,sensor_lux,luminosidade,819.76
2025-10-03 11:45:00,sensor_occ,ocupacao,1.0
2025-10-03 12:00:00,sensor_temp,temperatura,27.65
2025-10-03 12:00:00,sensor_lux,luminosidade,814.06
2025-10-03 12:00:00,sensor_occ,ocupacao,1.0
2025-10-03 12:15:00,sensor_temp,temperatura,25.97
2025-10-03 12:15:00,sensor_lux,luminosidade,792.53
2025-10-03 12:15:00,sensor_occ,ocupacao,1.0
2025-10-03 12:30:00,sensor_temp,temperatura,24.76
2025-10-03 12:30:00,sensor_lux,luminosidade,818.9
2025-10-03 12:30:00,sensor_occ,ocupacao,0.0
2025-10-03 12:45:00,sensor_temp,temperatura,28.7
2025-10-03 12:45:00,sensor_lux,luminosidade,675.84
2025-10-03 12:45:00,sensor_occ,ocupacao,1.0
2025-10-03 13:00:00,sensor_temp,temperatura,26.46
2025-10-03 13:00:00,sensor_lux,luminosidade,680.01
2025-10-03 13:00:00,sensor_occ,ocupacao,1.0
2025-10-03 13:15:00,sensor_temp,temperatura,27.37
2025-10-03 13:15:00,sensor_lux,luminosidade,963.04
2025-10-03 13:15:00,sensor_occ,ocupacao,0.0
2025-10-03 13:30:00,sensor_temp,temperatura,25.46
2025-10-03 13:30:00,sensor_lux,luminosidade,916.11
2025-10-03 13:30:00,sensor_occ,ocupacao,1.0
2025-10-03 13:45:00,sensor_temp,temperatura,26.33
2025-10-03 13:45:00,sensor_lux,luminosidade,765.8
2025-10-03 13:45:00,sensor_occ,ocupacao,1.0
2025-10-03 14:00:00,sensor_temp,temperatura,25.82
2025-10-03 14:00:00,sensor_lux,luminosidade,863.37
2025-10-03 14:00:00,sensor_occ,ocupacao,0.0
2025-10-03 14:15:00,sensor_temp,temperatura,26.36
2025-10-03 14:15:00,sensor_lux,luminosidade,811.45
2025-10-03 14:15:00,sensor_occ,ocupacao,0.0
2025-10-03 14:30:00,sensor_temp,temperatura,25.45
2025-10-03 14:30:00,sensor_lux,luminosidade,746.9
2025-10-03 14:30:00,sensor_occ,ocupacao,1.0
2025-10-03 14:45:00,sensor_temp,temperatura,26.31
2025-10-03 14:45:00,sensor_lux,luminosidade,834.88
2025-10-03 14:45:00,sensor_occ,ocupacao,0.0
2025-10-03 15:00:00,sensor_temp,temperatura,25.82
2025-10-03 15:00:00,sensor_lux,luminosidade,770.94
2025-10-03 15:00:00,sensor_occ,ocupacao,1.0
2025-10-03 15:15:00,sensor_temp,temperatura,26.93
2025-10-03 15:15:00,sensor_lux,luminosidade,693.12
2025-10-03 15:15:00,sensor_occ,ocupacao,0.0
2025-10-03 15:30:00,sensor_temp,temperatura,26.26
2025-10-03 15:30:00,sensor_lux,luminosidade,703.17
2025-10-03 15:30:00,sensor_occ,ocupacao,1.0
2025-10-03 15:45:00,sensor_temp,temperatura,26.92
2025-10-03 15:45:00,sensor_lux,luminosidade,837.8
2025-10-03 15:45:00,sensor_occ,ocupacao,1.0
2025-10-03 16:00:00,sensor_temp,temperatura,25.33
2025-10-03 16:00:00,sensor_lux,luminosidade,655.17
2025-10-03 16:00:00,sensor_occ,ocupacao,0.0
2025-10-03 16:15:00,sensor_temp,temperatura,25.47
2025-10-03 16:15:00,sensor_lux,luminosidade,785.75
2025-10-03 16:15:00,sensor_occ,ocupacao,1.0
2025-10-03 16:30:00,sensor_temp,temperatura,28.1
2025-10-03 16:30:00,sensor_lux,luminosidade,600.19
2025-10-03 16:30:00,sensor_occ,ocupacao,0.0
2025-10-03 16:45:00,sensor_temp,temperatura,26.9
2025-10-03 16:45:00,sensor_lux,luminosidade,757.73
2025-10-03 16:45:00,sensor_occ,ocupacao,1.0
2025-10-03 17:00:00,sensor_temp,temperatura,27.54
2025-10-03 17:00:00,sensor_lux,luminosidade,917.18
2025-10-03 17:00:00,sensor_occ,ocupacao,1.0
2025-10-03 17:15:00,sensor_temp,temperatura,27.61
2025-10-03 17:15:00,sensor_lux,luminosidade,881.25
2025-10-03 17:15:00,sensor_occ,ocupacao,1.0
2025-10-03 17:30:00,sensor_temp,temperatura,27.37
2025-10-03 17:30:00,sensor_lux,luminosidade,637.65
2025-10-03 17:30:00,sensor_occ,ocupacao,1.0
2025-10-03 17:45:00,sensor_temp,temperatura,24.25
2025-10-03 17:45:00,sensor_lux,luminosidade,872.41
2025-10-03 17:45:00,sensor_occ,ocupacao,0.0
2025-10-03 18:00:00,sensor_temp,temperatura,21.28
2025-10-03 18:00:00,sensor_lux,luminosidade,0.0
2025-10-03 18:00:00,sensor_occ,ocupacao,0.0
2025-10-03 18:15:00,sensor_temp,temperatura,22.33
2025-10-03 18:15:00,sensor_lux,luminosidade,0.0
2025-10-03 18:15:00,sensor_occ,ocupacao,0.0
2025-10-03 18:30:00,sensor_temp,temperatura,22.3
2025-10-03 18:30:00,sensor_lux,luminosidade,0.0
2025-10-03 18:30:00,sensor_occ,ocupacao,1.0
2025-10-03 18:45:00,sensor_temp,temperatura,22.01
2025-10-03 18:45:00,sensor_lux,luminosidade,0.0
2025-10-03 18:45:00,sensor_occ,ocupacao,0.0
2025-10-03 19:00:00,sensor_temp,temperatura,22.36
2025-10-03 19:00:00,sensor_lux,luminosidade,0.0
2025-10-03 19:00:00,sensor_occ,ocupacao,0.0
2025-10-03 19:15:00,sensor_temp,temperatura,22.2
2025-10-03 19:15:00,sensor_lux,luminosidade,0.0
2025-10-03 19:15:00,sensor_occ,ocupacao,0.0
2025-10-03 19:30:00,sensor_temp,temperatura,22.78
2025-10-03 19:30:00,sensor_lux,luminosidade,0.0
2025-10-03 19:30:00,sensor_occ,ocupacao,1.0
2025-10-03 19:45:00,sensor_temp,temperatura,22.3
2025-10-03 19:45:00,sensor_lux,luminosidade,0.0
2025-10-03 19:45:00,sensor_occ,ocupacao,0.0
2025-10-03 20:00:00,sensor_temp,temperatura,22.83
2025-10-03 20:00:00,sensor_lux,luminosidade,0.0
2025-10-03 20:00:00,sensor_occ,ocupacao,0.0
2025-10-03 20:15:00,sensor_temp,temperatura,20.76
2025-10-03 20:15:00,sensor_lux,luminosidade,0.0
2025-10-03 20:15:00,sensor_occ,ocupacao,0.0
2025-10-03 20:30:00,sensor_temp,temperatura,20.0
2025-10-03 20:30:00,sensor_lux,luminosidade,0.0
2025-10-03 20:30:00,sensor_occ,ocupacao,0.0
2025-10-03 20:45:00,sensor_temp,temperatura,22.0
2025-10-03 20:45:00,sensor_lux,luminosidade,0.0
2025-10-03 20:45:00,sensor_occ,ocupacao,0.0
2025-10-03 21:00:00,sensor_temp,temperatura,22.24
2025-10-03 21:00:00,sensor_lux,luminosidade,0.0
2025-10-03 21:00:00,sensor_occ,ocupacao,1.0
2025-10-03 21:15:00,sensor_temp,temperatura,22.38
2025-10-03 21:15:00,sensor_lux,luminosidade,0.0
2025-10-03 21:15:00,sensor_occ,ocupacao,0.0
2025-10-03 21:30:00,sensor_temp,temperatura,22.75
2025-10-03 21:30:00,sensor_lux,luminosidade,0.0
2025-10-03 21:30:00,sensor_occ,ocupacao,0.0
2025-10-03 21:45:00,sensor_temp,temperatura,21.2
2025-10-03 21:45:00,sensor_lux,luminosidade,0.0
2025-10-03 21:45:00,sensor_occ,ocupacao,0.0
2025-10-03 22:00:00,sensor_temp,temperatura,21.26
2025-10-03 22:00:00,sensor_lux,luminosidade,0.0
2025-10-03 22:00:00,sensor_occ,ocupacao,0.0
2025-10-03 22:15:00,sensor_temp,temperatura,23.4
2025-10-03 22:15:00,sensor_lux,luminosidade,0.0
2025-10-03 22:15:00,sensor_occ,ocupacao,1.0
2025-10-03 22:30:00,sensor_temp,temperatura,22.53
2025-10-03 22:30:00,sensor_lux,luminosidade,0.0
2025-10-03 22:30:00,sensor_occ,ocupacao,0.0
2025-10-03 22:45:00,sensor_temp,temperatura,21.79
2025-10-03 22:45:00,sensor_lux,luminosidade,0.0
2025-10-03 22:45:00,sensor_occ,ocupacao,0.0
2025-10-03 23:00:00,sensor_temp,temperatura,23.14
2025-10-03 23:00:00,sensor_lux,luminosidade,0.0
2025-10-03 23:00:00,sensor_occ,ocupacao,0.0
2025-10-03 23:15:00,sensor_temp,temperatura,23.94
2025-10-03 23:15:00,sensor_lux,luminosidade,0.0
2025-10-03 23:15:00,sensor_occ,ocupacao,0.0
2025-10-03 23:30:00,sensor_temp,temperatura,21.31
2025-10-03 23:30:00,sensor_lux,luminosidade,0.0
2025-10-03 23:30:00,sensor_occ,ocupacao,0.0
2025-10-03 23:45:00,sensor_temp,temperatura,21.33
2025-10-03 23:45:00,sensor_lux,luminosidade,0.0
2025-10-03 23:45:00,sensor_occ,ocupacao,0.0
2025-10-04 00:00:00,sensor_temp,temperatura,22.3
2025-10-04 00:00:00,sensor_lux,luminosidade,0.0
2025-10-04 00:00:00,sensor_occ,ocupacao,0.0
2025-10-04 00:15:00,sensor_temp,temperatura,22.56
2025-10-04 00:15:00,sensor_lux,luminosidade,0.0
2025-10-04 00:15:00,sensor_occ,ocupacao,0.0
2025-10-04 00:30:00,sensor_temp,temperatura,20.41
2025-10-04 00:30:00,sensor_lux,luminosidade,0.0
2025-10-04 00:30:00,sensor_occ,ocupacao,0.0
2025-10-04 00:45:00,sensor_temp,temperatura,20.14
2025-10-04 00:45:00,sensor_lux,luminosidade,0.0
2025-10-04 00:45:00,sensor_occ,ocupacao,0.0
2025-10-04 01:00:00,sensor_temp,temperatura,18.16
2025-10-04 01:00:00,sensor_lux,luminosidade,0.0
2025-10-04 01:00:00,sensor_occ,ocupacao,0.0
2025-10-04 01:15:00,sensor_temp,temperatura,20.14
2025-10-04 01:15:00,sensor_lux,luminosidade,0.0
2025-10-04 01:15:00,sensor_occ,ocupacao,0.0
2025-10-04 01:30:00,sensor_temp,temperatura,20.06
2025-10-04 01:30:00,sensor_lux,luminosidade,0.0
2025-10-04 01:30:00,sensor_occ,ocupacao,0.0
2025-10-04 01:45:00,sensor_temp,temperatura,20.19
2025-10-04 01:45:00,sensor_lux,luminosidade,0.0
2025-10-04 01:45:00,sensor_occ,ocupacao,0.0
2025-10-04 02:00:00,sensor_temp,temperatura,20.3
2025-10-04 02:00:00,sensor_lux,luminosidade,0.0
2025-10-04 02:00:00,sensor_occ,ocupacao,0.0
2025-10-04 02:15:00,sensor_temp,temperatura,19.56
2025-10-04 02:15:00,sensor_lux,luminosidade,0.0
2025-10-04 02:15:00,sensor_occ,ocupacao,0.0
2025-10-04 02:30:00,sensor_temp,temperatura,19.6
2025-10-04 02:30:00,sensor_lux,luminosidade,0.0
2025-10-04 02:30:00,sensor_occ,ocupacao,0.0
2025-10-04 02:45:00,sensor_temp,temperatura,19.13
2025-10-04 02:45:00,sensor_lux,luminosidade,0.0
2025-10-04 02:45:00,sensor_occ,ocupacao,0.0
2025-10-04 03:00:00,sensor_temp,temperatura,20.28
2025-10-04 03:00:00,sensor_lux,luminosidade,0.0
2025-10-04 03:00:00,sensor_occ,ocupacao,1.0
2025-10-04 03:15:00,sensor_temp,temperatura,20.96
2025-10-04 03:15:00,sensor_lux,luminosidade,0.0
2025-10-04 03:15:00,sensor_occ,ocupacao,1.0
2025-10-04 03:30:00,sensor_temp,temperatura,18.43
2025-10-04 03:30:00,sensor_lux,luminosidade,0.0
2025-10-04 03:30:00,sensor_occ,ocupacao,0.0
2025-10-04 03:45:00,sensor_temp,temperatura,19.66
2025-10-04 03:45:00,sensor_lux,luminosidade,0.0
2025-10-04 03:45:00,sensor_occ,ocupacao,0.0
2025-10-04 04:00:00,sensor_temp,temperatura,18.21
2025-10-04 04:00:00,sensor_lux,luminosidade,0.0
2025-10-04 04:00:00,sensor_occ,ocupacao,0.0
2025-10-04 04:15:00,sensor_temp,temperatura,20.25
2025-10-04 04:15:00,sensor_lux,luminosidade,0.0
2025-10-04 04:15:00,sensor_occ,ocupacao,0.0
2025-10-04 04:30:00,sensor_temp,temperatura,22.26
2025-10-04 04:30:00,sensor_lux,luminosidade,0.0
2025-10-04 04:30:00,sensor_occ,ocupacao,1.0
2025-10-04 04:45:00,sensor_temp,temperatura,19.14
2025-10-04 04:45:00,sensor_lux,luminosidade,0.0
2025-10-04 04:45:00,sensor_occ,ocupacao,0.0
2025-10-04 05:00:00,sensor_temp,temperatura,19.65
2025-10-04 05:00:00,sensor_lux,luminosidade,0.0
2025-10-04 05:00:00,sensor_occ,ocupacao,0.0
2025-10-04 05:15:00,sensor_temp,temperatura,20.85
2025-10-04 05:15:00,sensor_lux,luminosidade,0.0
2025-10-04 05:15:00,sensor_occ,ocupacao,0.0
2025-10-04 05:30:00,sensor_temp,temperatura,22.94
2025-10-04 05:30:00,sensor_lux,luminosidade,0.0
2025-10-04 05:30:00,sensor_occ,ocupacao,0.0
2025-10-04 05:45:00,sensor_temp,temperatura,21.27
2025-10-04 05:45:00,sensor_lux,luminosidade,0.0
2025-10-04 05:45:00,sensor_occ,ocupacao,1.0
2025-10-04 06:00:00,sensor_temp,temperatura,22.41
2025-10-04 06:00:00,sensor_lux,luminosidade,877.22
2025-10-04 06:00:00,sensor_occ,ocupacao,0.0
2025-10-04 06:15:00,sensor_temp,temperatura,21.72
2025-10-04 06:15:00,sensor_lux,luminosidade,713.96
2025-10-04 06:15:00,sensor_occ,ocupacao,0.0
2025-10-04 06:30:00,sensor_temp,temperatura,23.05
2025-10-04 06:30:00,sensor_lux,luminosidade,697.13
2025-10-04 06:30:00,sensor_occ,ocupacao,0.0
2025-10-04 06:45:00,sensor_temp,temperatura,22.93
2025-10-04 06:45:00,sensor_lux,luminosidade,768.8
2025-10-04 06:45:00,sensor_occ,ocupacao,0.0
2025-10-04 07:00:00,sensor_temp,temperatura,23.32
2025-10-04 07:00:00,sensor_lux,luminosidade,728.97
2025-10-04 07:00:00,sensor_occ,ocupacao,0.0
2025-10-04 07:15:00,sensor_temp,temperatura,23.15
2025-10-04 07:15:00,sensor_lux,luminosidade,841.79
2025-10-04 07:15:00,sensor_occ,ocupacao,0.0
2025-10-04 07:30:00,sensor_temp,temperatura,23.2
2025-10-04 07:30:00,sensor_lux,luminosidade,836.31
2025-10-04 07:30:00,sensor_occ,ocupacao,0.0
2025-10-04 07:45:00,sensor_temp,temperatura,22.47
2025-10-04 07:45:00,sensor_lux,luminosidade,813.64
2025-10-04 07:45:00,sensor_occ,ocupacao,1.0
2025-10-04 08:00:00,sensor_temp,temperatura,23.34
2025-10-04 08:00:00,sensor_lux,luminosidade,744.41
2025-10-04 08:00:00,sensor_occ,ocupacao,1.0
2025-10-04 08:15:00,sensor_temp,temperatura,23.01
2025-10-04 08:15:00,sensor_lux,luminosidade,976.72
2025-10-04 08:15:00,sensor_occ,ocupacao,0.0
2025-10-04 08:30:00,sensor_temp,temperatura,22.34
2025-10-04 08:30:00,sensor_lux,luminosidade,628.3
2025-10-04 08:30:00,sensor_occ,ocupacao,0.0
2025-10-04 08:45:00,sensor_temp,temperatura,22.7
2025-10-04 08:45:00,sensor_lux,luminosidade,795.36
2025-10-04 08:45:00,sensor_occ,ocupacao,1.0
2025-10-04 09:00:00,sensor_temp,temperatura,23.86
2025-10-04 09:00:00,sensor_lux,luminosidade,758.23
2025-10-04 09:00:00,sensor_occ,ocupacao,0.0
2025-10-04 09:15:00,sensor_temp,temperatura,22.84
2025-10-04 09:15:00,sensor_lux,luminosidade,753.56
2025-10-04 09:15:00,sensor_occ,ocupacao,0.0
2025-10-04 09:30:00,sensor_temp,temperatura,22.84
2025-10-04 09:30:00,sensor_lux,luminosidade,833.7
2025-10-04 09:30:00,sensor_occ,ocupacao,1.0
2025-10-04 09:45:00,sensor_temp,temperatura,21.13
2025-10-04 09:45:00,sensor_lux,luminosidade,852.34
2025-10-04 09:45:00,sensor_occ,ocupacao,0.0
2025-10-04 10:00:00,sensor_temp,temperatura,22.47
2025-10-04 10:00:00,sensor_lux,luminosidade,792.44
2025-10-04 10:00:00,sensor_occ,ocupacao,1.0
2025-10-04 10:15:00,sensor_temp,temperatura,23.81
2025-10-04 10:15:00,sensor_lux,luminosidade,728.21
2025-10-04 10:15:00,sensor_occ,ocupacao,0.0
2025-10-04 10:30:00,sensor_temp,temperatura,22.09
2025-10-04 10:30:00,sensor_lux,luminosidade,811.91
2025-10-04 10:30:00,sensor_occ,ocupacao,0.0
2025-10-04 10:45:00,sensor_temp,temperatura,22.42
2025-10-04 10:45:00,sensor_lux,luminosidade,959.26
2025-10-04 10:45:00,sensor_occ,ocupacao,1.0
2025-10-04 11:00:00,sensor_temp,temperatura,22.53
2025-10-04 11:00:00,sensor_lux,luminosidade,837.66
2025-10-04 11:00:00,sensor_occ,ocupacao,0.0
2025-10-04 11:15:00,sensor_temp,temperatura,23.57
2025-10-04 11:15:00,sensor_lux,luminosidade,966.97
2025-10-04 11:15:00,sensor_occ,ocupacao,0.0
2025-10-04 11:30:00,sensor_temp,temperatura,24.61
2025-10-04 11:30:00,sensor_lux,luminosidade,860.81
2025-10-04 11:30:00,sensor_occ,ocupacao,0.0
2025-10-04 11:45:00,sensor_temp,temperatura,21.68
2025-10-04 11:45:00,sensor_lux,luminosidade,722.18
2025-10-04 11:45:00,sensor_occ,ocupacao,0.0
2025-10-04 12:00:00,sensor_temp,temperatura,25.94
2025-10-04 12:00:00,sensor_lux,luminosidade,668.08
2025-10-04 12:00:00,sensor_occ,ocupacao,0.0
2025-10-04 12:15:00,sensor_temp,temperatura,24.31
2025-10-04 12:15:00,sensor_lux,luminosidade,814.49
2025-10-04 12:15:00,sensor_occ,ocupacao,0.0
2025-10-04 12:30:00,sensor_temp,temperatura,26.22
2025-10-04 12:30:00,sensor_lux,luminosidade,752.66
2025-10-04 12:30:00,sensor_occ,ocupacao,0.0
2025-10-04 12:45:00,sensor_temp,temperatura,26.77
2025-10-04 12:45:00,sensor_lux,luminosidade,749.66
2025-10-04 12:45:00,sensor_occ,ocupacao,0.0
2025-10-04 13:00:00,sensor_temp,temperatura,25.71
2025-10-04 13:00:00,sensor_lux,luminosidade,885.6
2025-10-04 13:00:00,sensor_occ,ocupacao,0.0
2025-10-04 13:15:00,sensor_temp,temperatura,26.55
2025-10-04 13:15:00,sensor_lux,luminosidade,906.37
2025-10-04 13:15:00,sensor_occ,ocupacao,0.0
2025-10-04 13:30:00,sensor_temp,temperatura,24.48
2025-10-04 13:30:00,sensor_lux,luminosidade,795.09
2025-10-04 13:30:00,sensor_occ,ocupacao,1.0
2025-10-04 13:45:00,sensor_temp,temperatura,24.77
2025-10-04 13:45:00,sensor_lux,luminosidade,917.68
2025-10-04 13:45:00,sensor_occ,ocupacao,1.0
2025-10-04 14:00:00,sensor_temp,temperatura,25.81
2025-10-04 14:00:00,sensor_lux,luminosidade,809.11
2025-10-04 14:00:00,sensor_occ,ocupacao,0.0
2025-10-04 14:15:00,sensor_temp,temperatura,27.29
2025-10-04 14:15:00,sensor_lux,luminosidade,1013.15
2025-10-04 14:15:00,sensor_occ,ocupacao,0.0
2025-10-04 14:30:00,sensor_temp,temperatura,26.86
2025-10-04 14:30:00,sensor_lux,luminosidade,757.92
2025-10-04 14:30:00,sensor_occ,ocupacao,0.0
2025-10-04 14:45:00,sensor_temp,temperatura,26.2
2025-10-04 14:45:00,sensor_lux,luminosidade,949.86
2025-10-04 14:45:00,sensor_occ,ocupacao,0.0
2025-10-04 15:00:00,sensor_temp,temperatura,26.73
2025-10-04 15:00:00,sensor_lux,luminosidade,722.74
2025-10-04 15:00:00,sensor_occ,ocupacao,0.0
2025-10-04 15:15:00,sensor_temp,temperatura,24.29
2025-10-04 15:15:00,sensor_lux,luminosidade,747.97
2025-10-04 15:15:00,sensor_occ,ocupacao,0.0
2025-10-04 15:30:00,sensor_temp,temperatura,26.8
2025-10-04 15:30:00,sensor_lux,luminosidade,834.62
2025-10-04 15:30:00,sensor_occ,ocupacao,0.0
2025-10-04 15:45:00,sensor_temp,temperatura,27.98
2025-10-04 15:45:00,sensor_lux,luminosidade,602.95
2025-10-04 15:45:00,sensor_occ,ocupacao,0.0
2025-10-04 16:00:00,sensor_temp,temperatura,25.32
2025-10-04 16:00:00,sensor_lux,luminosidade,825.74
2025-10-04 16:00:00,sensor_occ,ocupacao,0.0
2025-10-04 16:15:00,sensor_temp,temperatura,24.13
2025-10-04 16:15:00,sensor_lux,luminosidade,795.8
2025-10-04 16:15:00,sensor_occ,ocupacao,0.0
2025-10-04 16:30:00,sensor_temp,temperatura,26.74
2025-10-04 16:30:00,sensor_lux,luminosidade,624.31
2025-10-04 16:30:00,sensor_occ,ocupacao,0.0
2025-10-04 16:45:00,sensor_temp,temperatura,26.56
2025-10-04 16:45:00,sensor_lux,luminosidade,651.07
2025-10-04 16:45:00,sensor_occ,ocupacao,0.0
2025-10-04 17:00:00,sensor_temp,temperatura,25.66
2025-10-04 17:00:00,sensor_lux,luminosidade,597.6
2025-10-04 17:00:00,sensor_occ,ocupacao,0.0
2025-10-04 17:15:00,sensor_temp,temperatura,23.98
2025-10-04 17:15:00,sensor_lux,luminosidade,781.84
2025-10-04 17:15:00,sensor_occ,ocupacao,0.0
2025-10-04 17:30:00,sensor_temp,temperatura,23.56
2025-10-04 17:30:00,sensor_lux,luminosidade,664.52
2025-10-04 17:30:00,sensor_occ,ocupacao,0.0
2025-10-04 17:45:00,sensor_temp,temperatura,27.2
2025-10-04 17:45:00,sensor_lux,luminosidade,933.11
2025-10-04 17:45:00,sensor_occ,ocupacao,0.0
2025-10-04 18:00:00,sensor_temp,temperatura,21.43
2025-10-04 18:00:00,sensor_lux,luminosidade,0.0
2025-10-04 18:00:00,sensor_occ,ocupacao,1.0
2025-10-04 18:15:00,sensor_temp,temperatura,21.57
2025-10-04 18:15:00,sensor_lux,luminosidade,0.0
2025-10-04 18:15:00,sensor_occ,ocupacao,0.0
2025-10-04 18:30:00,sensor_temp,temperatura,22.24
2025-10-04 18:30:00,sensor_lux,luminosidade,0.0
2025-10-04 18:30:00,sensor_occ,ocupacao,0.0
2025-10-04 18:45:00,sensor_temp,temperatura,23.08
2025-10-04 18:45:00,sensor_lux,luminosidade,0.0
2025-10-04 18:45:00,sensor_occ,ocupacao,0.0
2025-10-04 19:00:00,sensor_temp,temperatura,21.22
2025-10-04 19:00:00,sensor_lux,luminosidade,0.0
2025-10-04 19:00:00,sensor_occ,ocupacao,0.0
2025-10-04 19:15:00,sensor_temp,temperatura,20.6
2025-10-04 19:15:00,sensor_lux,luminosidade,0.0
2025-10-04 19:15:00,sensor_occ,ocupacao,0.0
2025-10-04 19:30:00,sensor_temp,temperatura,22.8
2025-10-04 19:30:00,sensor_lux,luminosidade,0.0
2025-10-04 19:30:00,sensor_occ,ocupacao,0.0
2025-10-04 19:45:00,sensor_temp,temperatura,22.6
2025-10-04 19:45:00,sensor_lux,luminosidade,0.0
2025-10-04 19:45:00,sensor_occ,ocupacao,0.0
2025-10-04 20:00:00,sensor_temp,temperatura,21.14
2025-10-04 20:00:00,sensor_lux,luminosidade,0.0
2025-10-04 20:00:00,sensor_occ,ocupacao,0.0
2025-10-04 20:15:00,sensor_temp,temperatura,21.96
2025-10-04 20:15:00,sensor_lux,luminosidade,0.0
2025-10-04 20:15:00,sensor_occ,ocupacao,0.0
2025-10-04 20:30:00,sensor_temp,temperatura,21.0
2025-10-04 20:30:00,sensor_lux,luminosidade,0.0
2025-10-04 20:30:00,sensor_occ,ocupacao,0.0
2025-10-04 20:45:00,sensor_temp,temperatura,22.61
2025-10-04 20:45:00,sensor_lux,luminosidade,0.0
2025-10-04 20:45:00,sensor_occ,ocupacao,1.0
2025-10-04 21:00:00,sensor_temp,temperatura,21.92
2025-10-04 21:00:00,sensor_lux,luminosidade,0.0
2025-10-04 21:00:00,sensor_occ,ocupacao,0.0
2025-10-04 21:15:00,sensor_temp,temperatura,21.38
2025-10-04 21:15:00,sensor_lux,luminosidade,0.0
2025-10-04 21:15:00,sensor_occ,ocupacao,0.0
2025-10-04 21:30:00,sensor_temp,temperatura,19.37
2025-10-04 21:30:00,sensor_lux,luminosidade,0.0
2025-10-04 21:30:00,sensor_occ,ocupacao,0.0
2025-10-04 21:45:00,sensor_temp,temperatura,21.43
2025-10-04 21:45:00,sensor_lux,luminosidade,0.0
2025-10-04 21:45:00,sensor_occ,ocupacao,0.0
2025-10-04 22:00:00,sensor_temp,temperatura,22.16
2025-10-04 22:00:00,sensor_lux,luminosidade,0.0
2025-10-04 22:00:00,sensor_occ,ocupacao,0.0
2025-10-04 22:15:00,sensor_temp,temperatura,22.77
2025-10-04 22:15:00,sensor_lux,luminosidade,0.0
2025-10-04 22:15:00,sensor_occ,ocupacao,0.0
2025-10-04 22:30:00,sensor_temp,temperatura,21.98
2025-10-04 22:30:00,sensor_lux,luminosidade,0.0
2025-10-04 22:30:00,sensor_occ,ocupacao,0.0
2025-10-04 22:45:00,sensor_temp,temperatura,22.93
2025-10-04 22:45:00,sensor_lux,luminosidade,0.0
2025-10-04 22:45:00,sensor_occ,ocupacao,0.0
2025-10-04 23:00:00,sensor_temp,temperatura,23.23
2025-10-04 23:00:00,sensor_lux,luminosidade,0.0
2025-10-04 23:00:00,sensor_occ,ocupacao,0.0
2025-10-04 23:15:00,sensor_temp,temperatura,19.98
2025-10-04 23:15:00,sensor_lux,luminosidade,0.0
2025-10-04 23:15:00,sensor_occ,ocupacao,0.0
2025-10-04 23:30:00,sensor_temp,temperatura,20.35
2025-10-04 23:30:00,sensor_lux,luminosidade,0.0
2025-10-04 23:30:00,sensor_occ,ocupacao,0.0
2025-10-04 23:45:00,sensor_temp,temperatura,22.43
2025-10-04 23:45:00,sensor_lux,luminosidade,0.0
2025-10-04 23:45:00,sensor_occ,ocupacao,0.0
2025-10-05 00:00:00,sensor_temp,temperatura,19.48
2025-10-05 00:00:00,sensor_lux,luminosidade,0.0
2025-10-05 00:00:00,sensor_occ,ocupacao,0.0
2025-10-05 00:15:00,sensor_temp,temperatura,19.78
2025-10-05 00:15:00,sensor_lux,luminosidade,0.0
2025-10-05 00:15:00,sensor_occ,ocupacao,0.0
2025-10-05 00:30:00,sensor_temp,temperatura,18.26
2025-10-05 00:30:00,sensor_lux,luminosidade,0.0
2025-10-05 00:30:00,sensor_occ,ocupacao,0.0
2025-10-05 00:45:00,sensor_temp,temperatura,19.15
2025-10-05 00:45:00,sensor_lux,luminosidade,0.0
2025-10-05 00:45:00,sensor_occ,ocupacao,0.0
2025-10-05 01:00:00,sensor_temp,temperatura,19.94
2025-10-05 01:00:00,sensor_lux,luminosidade,0.0
2025-10-05 01:00:00,sensor_occ,ocupacao,0.0
2025-10-05 01:15:00,sensor_temp,temperatura,21.2
2025-10-05 01:15:00,sensor_lux,luminosidade,0.0
2025-10-05 01:15:00,sensor_occ,ocupacao,0.0
2025-10-05 01:30:00,sensor_temp,temperatura,19.33
2025-10-05 01:30:00,sensor_lux,luminosidade,0.0
2025-10-05 01:30:00,sensor_occ,ocupacao,0.0
2025-10-05 01:45:00,sensor_temp,temperatura,18.61
2025-10-05 01:45:00,sensor_lux,luminosidade,0.0
2025-10-05 01:45:00,sensor_occ,ocupacao,0.0
2025-10-05 02:00:00,sensor_temp,temperatura,20.65
2025-10-05 02:00:00,sensor_lux,luminosidade,0.0
2025-10-05 02:00:00,sensor_occ,ocupacao,0.0
2025-10-05 02:15:00,sensor_temp,temperatura,20.02
2025-10-05 02:15:00,sensor_lux,luminosidade,0.0
2025-10-05 02:15:00,sensor_occ,ocupacao,0.0
2025-10-05 02:30:00,sensor_temp,temperatura,18.85
2025-10-05 02:30:00,sensor_lux,luminosidade,0.0
2025-10-05 02:30:00,sensor_occ,ocupacao,0.0
2025-10-05 02:45:00,sensor_temp,temperatura,19.51
2025-10-05 02:45:00,sensor_lux,luminosidade,0.0
2025-10-05 02:45:00,sensor_occ,ocupacao,1.0
2025-10-05 03:00:00,sensor_temp,temperatura,20.54
2025-10-05 03:00:00,sensor_lux,luminosidade,0.0
2025-10-05 03:00:00,sensor_occ,ocupacao,0.0
2025-10-05 03:15:00,sensor_temp,temperatura,21.19
2025-10-05 03:15:00,sensor_lux,luminosidade,0.0
2025-10-05 03:15:00,sensor_occ,ocupacao,0.0
2025-10-05 03:30:00,sensor_temp,temperatura,18.86
2025-10-05 03:30:00,sensor_lux,luminosidade,0.0
2025-10-05 03:30:00,sensor_occ,ocupacao,0.0
2025-10-05 03:45:00,sensor_temp,temperatura,20.37
2025-10-05 03:45:00,sensor_lux,luminosidade,0.0
2025-10-05 03:45:00,sensor_occ,ocupacao,0.0
2025-10-05 04:00:00,sensor_temp,temperatura,20.58
2025-10-05 04:00:00,sensor_lux,luminosidade,0.0
2025-10-05 04:00:00,sensor_occ,ocupacao,0.0
2025-10-05 04:15:00,sensor_temp,temperatura,18.75
2025-10-05 04:15:00,sensor_lux,luminosidade,0.0
2025-10-05 04:15:00,sensor_occ,ocupacao,0.0
2025-10-05 04:30:00,sensor_temp,temperatura,22.65
2025-10-05 04:30:00,sensor_lux,luminosidade,0.0
2025-10-05 04:30:00,sensor_occ,ocupacao,0.0
2025-10-05 04:45:00,sensor_temp,temperatura,17.14
2025-10-05 04:45:00,sensor_lux,luminosidade,0.0
2025-10-05 04:45:00,sensor_occ,ocupacao,0.0
2025-10-05 05:00:00,sensor_temp,temperatura,20.37
2025-10-05 05:00:00,sensor_lux,luminosidade,0.0
2025-10-05 05:00:00,sensor_occ,ocupacao,1.0
2025-10-05 05:15:00,sensor_temp,temperatura,20.09
2025-10-05 05:15:00,sensor_lux,luminosidade,0.0
2025-10-05 05:15:00,sensor_occ,ocupacao,0.0
2025-10-05 05:30:00,sensor_temp,temperatura,21.06
2025-10-05 05:30:00,sensor_lux,luminosidade,0.0
2025-10-05 05:30:00,sensor_occ,ocupacao,1.0
2025-10-05 05:45:00,sensor_temp,temperatura,20.8
2025-10-05 05:45:00,sensor_lux,luminosidade,0.0
2025-10-05 05:45:00,sensor_occ,ocupacao,0.0
2025-10-05 06:00:00,sensor_temp,temperatura,19.66
2025-10-05 06:00:00,sensor_lux,luminosidade,725.38
2025-10-05 06:00:00,sensor_occ,ocupacao,0.0
2025-10-05 06:15:00,sensor_temp,temperatura,24.36
2025-10-05 06:15:00,sensor_lux,luminosidade,1126.12
2025-10-05 06:15:00,sensor_occ,ocupacao,0.0
2025-10-05 06:30:00,sensor_temp,temperatura,21.73
2025-10-05 06:30:00,sensor_lux,luminosidade,821.52
2025-10-05 06:30:00,sensor_occ,ocupacao,0.0
2025-10-05 06:45:00,sensor_temp,temperatura,22.15
2025-10-05 06:45:00,sensor_lux,luminosidade,882.63
2025-10-05 06:45:00,sensor_occ,ocupacao,0.0
2025-10-05 07:00:00,sensor_temp,temperatura,23.02
2025-10-05 07:00:00,sensor_lux,luminosidade,794.06
2025-10-05 07:00:00,sensor_occ,ocupacao,0.0
2025-10-05 07:15:00,sensor_temp,temperatura,22.72
2025-10-05 07:15:00,sensor_lux,luminosidade,778.43
2025-10-05 07:15:00,sensor_occ,ocupacao,0.0
2025-10-05 07:30:00,sensor_temp,temperatura,23.04
2025-10-05 07:30:00,sensor_lux,luminosidade,696.58
2025-10-05 07:30:00,sensor_occ,ocupacao,0.0
2025-10-05 07:45:00,sensor_temp,temperatura,22.63
2025-10-05 07:45:00,sensor_lux,luminosidade,864.43
2025-10-05 07:45:00,sensor_occ,ocupacao,0.0
2025-10-05 08:00:00,sensor_temp,temperatura,22.88
2025-10-05 08:00:00,sensor_lux,luminosidade,898.14
2025-10-05 08:00:00,sensor_occ,ocupacao,0.0
2025-10-05 08:15:00,sensor_temp,temperatura,22.0
2025-10-05 08:15:00,sensor_lux,luminosidade,1034.57
2025-10-05 08:15:00,sensor_occ,ocupacao,0.0
2025-10-05 08:30:00,sensor_temp,temperatura,23.73
2025-10-05 08:30:00,sensor_lux,luminosidade,810.04
2025-10-05 08:30:00,sensor_occ,ocupacao,0.0
2025-10-05 08:45:00,sensor_temp,temperatura,23.73
2025-10-05 08:45:00,sensor_lux,luminosidade,828.33
2025-10-05 08:45:00,sensor_occ,ocupacao,0.0
2025-10-05 09:00:00,sensor_temp,temperatura,23.73
2025-10-05 09:00:00,sensor_lux,luminosidade,796.91
2025-10-05 09:00:00,sensor_occ,ocupacao,0.0
2025-10-05 09:15:00,sensor_temp,temperatura,23.47
2025-10-05 09:15:00,sensor_lux,luminosidade,845.01
2025-10-05 09:15:00,sensor_occ,ocupacao,1.0
2025-10-05 09:30:00,sensor_temp,temperatura,22.53
2025-10-05 09:30:00,sensor_lux,luminosidade,850.44
2025-10-05 09:30:00,sensor_occ,ocupacao,0.0
2025-10-05 09:45:00,sensor_temp,temperatura,21.86
2025-10-05 09:45:00,sensor_lux,luminosidade,740.98
2025-10-05 09:45:00,sensor_occ,ocupacao,0.0
2025-10-05 10:00:00,sensor_temp,temperatura,23.45
2025-10-05 10:00:00,sensor_lux,luminosidade,810.38
2025-10-05 10:00:00,sensor_occ,ocupacao,0.0
2025-10-05 10:15:00,sensor_temp,temperatura,22.59
2025-10-05 10:15:00,sensor_lux,luminosidade,835.91
2025-10-05 10:15:00,sensor_occ,ocupacao,0.0
2025-10-05 10:30:00,sensor_temp,temperatura,23.27
2025-10-05 10:30:00,sensor_lux,luminosidade,859.55
2025-10-05 10:30:00,sensor_occ,ocupacao,0.0
2025-10-05 10:45:00,sensor_temp,temperatura,23.52
2025-10-05 10:45:00,sensor_lux,luminosidade,912.4
2025-10-05 10:45:00,sensor_occ,ocupacao,0.0
2025-10-05 11:00:00,sensor_temp,temperatura,23.11
2025-10-05 11:00:00,sensor_lux,luminosidade,855.38
2025-10-05 11:00:00,sensor_occ,ocupacao,0.0
2025-10-05 11:15:00,sensor_temp,temperatura,22.56
2025-10-05 11:15:00,sensor_lux,luminosidade,760.0
2025-10-05 11:15:00,sensor_occ,ocupacao,0.0
2025-10-05 11:30:00,sensor_temp,temperatura,21.8
2025-10-05 11:30:00,sensor_lux,luminosidade,585.81
2025-10-05 11:30:00,sensor_occ,ocupacao,0.0
2025-10-05 11:45:00,sensor_temp,temperatura,22.06
2025-10-05 11:45:00,sensor_lux,luminosidade,703.73
2025-10-05 11:45:00,sensor_occ,ocupacao,0.0
2025-10-05 12:00:00,sensor_temp,temperatura,25.83
2025-10-05 12:00:00,sensor_lux,luminosidade,870.33
2025-10-05 12:00:00,sensor_occ,ocupacao,0.0
2025-10-05 12:15:00,sensor_temp,temperatura,27.96
2025-10-05 12:15:00,sensor_lux,luminosidade,873.43
2025-10-05 12:15:00,sensor_occ,ocupacao,0.0
2025-10-05 12:30:00,sensor_temp,temperatura,24.17
2025-10-05 12:30:00,sensor_lux,luminosidade,661.23
2025-10-05 12:30:00,sensor_occ,ocupacao,0.0
2025-10-05 12:45:00,sensor_temp,temperatura,26.23
2025-10-05 12:45:00,sensor_lux,luminosidade,859.4
2025-10-05 12:45:00,sensor_occ,ocupacao,0.0
2025-10-05 13:00:00,sensor_temp,temperatura,26.61
2025-10-05 13:00:00,sensor_lux,luminosidade,915.56
2025-10-05 13:00:00,sensor_occ,ocupacao,1.0
2025-10-05 13:15:00,sensor_temp,temperatura,27.1
2025-10-05 13:15:00,sensor_lux,luminosidade,798.0
2025-10-05 13:15:00,sensor_occ,ocupacao,0.0
2025-10-05 13:30:00,sensor_temp,temperatura,26.83
2025-10-05 13:30:00,sensor_lux,luminosidade,882.12
2025-10-05 13:30:00,sensor_occ,ocupacao,0.0
2025-10-05 13:45:00,sensor_temp,temperatura,25.71
2025-10-05 13:45:00,sensor_lux,luminosidade,863.31
2025-10-05 13:45:00,sensor_occ,ocupacao,0.0
2025-10-05 14:00:00,sensor_temp,temperatura,26.23
2025-10-05 14:00:00,sensor_lux,luminosidade,856.55
2025-10-05 14:00:00,sensor_occ,ocupacao,0.0
2025-10-05 14:15:00,sensor_temp,temperatura,27.97
2025-10-05 14:15:00,sensor_lux,luminosidade,966.83
2025-10-05 14:15:00,sensor_occ,ocupacao,0.0
2025-10-05 14:30:00,sensor_temp,temperatura,25.3
2025-10-05 14:30:00,sensor_lux,luminosidade,730.57
2025-10-05 14:30:00,sensor_occ,ocupacao,0.0
2025-10-05 14:45:00,sensor_temp,temperatura,25.09
2025-10-05 14:45:00,sensor_lux,luminosidade,683.01
2025-10-05 14:45:00,sensor_occ,ocupacao,0.0
2025-10-05 15:00:00,sensor_temp,temperatura,25.14
2025-10-05 15:00:00,sensor_lux,luminosidade,762.5
2025-10-05 15:00:00,sensor_occ,ocupacao,0.0
2025-10-05 15:15:00,sensor_temp,temperatura,25.17
2025-10-05 15:15:00,sensor_lux,luminosidade,928.02
2025-10-05 15:15:00,sensor_occ,ocupacao,0.0
2025-10-05 15:30:00,sensor_temp,temperatura,26.35
2025-10-05 15:30:00,sensor_lux,luminosidade,751.67
2025-10-05 15:30:00,sensor_occ,ocupacao,0.0
2025-10-05 15:45:00,sensor_temp,temperatura,25.21
2025-10-05 15:45:00,sensor_lux,luminosidade,688.41
2025-10-05 15:45:00,sensor_occ,ocupacao,0.0
2025-10-05 16:00:00,sensor_temp,temperatura,27.33
2025-10-05 16:00:00,sensor_lux,luminosidade,871.21
2025-10-05 16:00:00,sensor_occ,ocupacao,0.0
2025-10-05 16:15:00,sensor_temp,temperatura,24.98
2025-10-05 16:15:00,sensor_lux,luminosidade,791.06
2025-10-05 16:15:00,sensor_occ,ocupacao,0.0
2025-10-05 16:30:00,sensor_temp,temperatura,25.72
2025-10-05 16:30:00,sensor_lux,luminosidade,647.06
2025-10-05 16:30:00,sensor_occ,ocupacao,0.0
2025-10-05 16:45:00,sensor_temp,temperatura,26.66
2025-10-05 16:45:00,sensor_lux,luminosidade,980.52
2025-10-05 16:45:00,sensor_occ,ocupacao,0.0
2025-10-05 17:00:00,sensor_temp,temperatura,25.83
2025-10-05 17:00:00,sensor_lux,luminosidade,754.37
2025-10-05 17:00:00,sensor_occ,ocupacao,0.0
2025-10-05 17:15:00,sensor_temp,temperatura,26.77
2025-10-05 17:15:00,sensor_lux,luminosidade,654.6
2025-10-05 17:15:00,sensor_occ,ocupacao,0.0
2025-10-05 17:30:00,sensor_temp,temperatura,24.25
2025-10-05 17:30:00,sensor_lux,luminosidade,598.15
2025-10-05 17:30:00,sensor_occ,ocupacao,1.0
2025-10-05 17:45:00,sensor_temp,temperatura,25.92
2025-10-05 17:45:00,sensor_lux,luminosidade,764.31
2025-10-05 17:45:00,sensor_occ,ocupacao,0.0
2025-10-05 18:00:00,sensor_temp,temperatura,21.59
2025-10-05 18:00:00,sensor_lux,luminosidade,0.0
2025-10-05 18:00:00,sensor_occ,ocupacao,0.0
2025-10-05 18:15:00,sensor_temp,temperatura,23.14
2025-10-05 18:15:00,sensor_lux,luminosidade,0.0
2025-10-05 18:15:00,sensor_occ,ocupacao,0.0
2025-10-05 18:30:00,sensor_temp,temperatura,23.1
2025-10-05 18:30:00,sensor_lux,luminosidade,0.0
2025-10-05 18:30:00,sensor_occ,ocupacao,0.0
2025-10-05 18:45:00,sensor_temp,temperatura,23.08
2025-10-05 18:45:00,sensor_lux,luminosidade,0.0
2025-10-05 18:45:00,sensor_occ,ocupacao,0.0
2025-10-05 19:00:00,sensor_temp,temperatura,21.75
2025-10-05 19:00:00,sensor_lux,luminosidade,0.0
2025-10-05 19:00:00,sensor_occ,ocupacao,0.0
2025-10-05 19:15:00,sensor_temp,temperatura,22.69
2025-10-05 19:15:00,sensor_lux,luminosidade,0.0
2025-10-05 19:15:00,sensor_occ,ocupacao,1.0
2025-10-05 19:30:00,sensor_temp,temperatura,21.91
2025-10-05 19:30:00,sensor_lux,luminosidade,0.0
2025-10-05 19:30:00,sensor_occ,ocupacao,0.0
2025-10-05 19:45:00,sensor_temp,temperatura,20.36
2025-10-05 19:45:00,sensor_lux,luminosidade,0.0
2025-10-05 19:45:00,sensor_occ,ocupacao,0.0
2025-10-05 20:00:00,sensor_temp,temperatura,20.12
2025-10-05 20:00:00,sensor_lux,luminosidade,0.0
2025-10-05 20:00:00,sensor_occ,ocupacao,0.0
2025-10-05 20:15:00,sensor_temp,temperatura,22.72
2025-10-05 20:15:00,sensor_lux,luminosidade,0.0
2025-10-05 20:15:00,sensor_occ,ocupacao,0.0
2025-10-05 20:30:00,sensor_temp,temperatura,22.7
2025-10-05 20:30:00,sensor_lux,luminosidade,0.0
2025-10-05 20:30:00,sensor_occ,ocupacao,0.0
2025-10-05 20:45:00,sensor_temp,temperatura,22.32
2025-10-05 20:45:00,sensor_lux,luminosidade,0.0
2025-10-05 20:45:00,sensor_occ,ocupacao,0.0
2025-10-05 21:00:00,sensor_temp,temperatura,23.81
2025-10-05 21:00:00,sensor_lux,luminosidade,0.0
2025-10-05 21:00:00,sensor_occ,ocupacao,0.0
2025-10-05 21:15:00,sensor_temp,temperatura,21.77
2025-10-05 21:15:00,sensor_lux,luminosidade,0.0
2025-10-05 21:15:00,sensor_occ,ocupacao,0.0
2025-10-05 21:30:00,sensor_temp,temperatura,23.28
2025-10-05 21:30:00,sensor_lux,luminosidade,0.0
2025-10-05 21:30:00,sensor_occ,ocupacao,1.0
2025-10-05 21:45:00,sensor_temp,temperatura,22.44
2025-10-05 21:45:00,sensor_lux,luminosidade,0.0
2025-10-05 21:45:00,sensor_occ,ocupacao,0.0
2025-10-05 22:00:00,sensor_temp,temperatura,22.13
2025-10-05 22:00:00,sensor_lux,luminosidade,0.0
2025-10-05 22:00:00,sensor_occ,ocupacao,0.0
2025-10-05 22:15:00,sensor_temp,temperatura,21.9
2025-10-05 22:15:00,sensor_lux,luminosidade,0.0
2025-10-05 22:15:00,sensor_occ,ocupacao,0.0
2025-10-05 22:30:00,sensor_temp,temperatura,23.7
2025-10-05 22:30:00,sensor_lux,luminosidade,0.0
2025-10-05 22:30:00,sensor_occ,ocupacao,0.0
2025-10-05 22:45:00,sensor_temp,temperatura,22.32
2025-10-05 22:45:00,sensor_lux,luminosidade,0.0
2025-10-05 22:45:00,sensor_occ,ocupacao,0.0
2025-10-05 23:00:00,sensor_temp,temperatura,22.06
2025-10-05 23:00:00,sensor_lux,luminosidade,0.0
2025-10-05 23:00:00,sensor_occ,ocupacao,0.0
2025-10-05 23:15:00,sensor_temp,temperatura,22.63
2025-10-05 23:15:00,sensor_lux,luminosidade,0.0
2025-10-05 23:15:00,sensor_occ,ocupacao,0.0
2025-10-05 23:30:00,sensor_temp,temperatura,22.58
2025-10-05 23:30:00,sensor_lux,luminosidade,0.0
2025-10-05 23:30:00,sensor_occ,ocupacao,0.0
2025-10-05 23:45:00,sensor_temp,temperatura,21.98
2025-10-05 23:45:00,sensor_lux,luminosidade,0.0
2025-10-05 23:45:00,sensor_occ,ocupacao,0.0
2025-10-06 00:00:00,sensor_temp,temperatura,19.37
2025-10-06 00:00:00,sensor_lux,luminosidade,0.0
2025-10-06 00:00:00,sensor_occ,ocupacao,1.0
2025-10-06 00:15:00,sensor_temp,temperatura,19.05
2025-10-06 00:15:00,sensor_lux,luminosidade,0.0
2025-10-06 00:15:00,sensor_occ,ocupacao,0.0
2025-10-06 00:30:00,sensor_temp,temperatura,19.66
2025-10-06 00:30:00,sensor_lux,luminosidade,0.0
2025-10-06 00:30:00,sensor_occ,ocupacao,0.0
2025-10-06 00:45:00,sensor_temp,temperatura,19.21
2025-10-06 00:45:00,sensor_lux,luminosidade,0.0
2025-10-06 00:45:00,sensor_occ,ocupacao,0.0
2025-10-06 01:00:00,sensor_temp,temperatura,20.73
2025-10-06 01:00:00,sensor_lux,luminosidade,0.0
2025-10-06 01:00:00,sensor_occ,ocupacao,0.0
2025-10-06 01:15:00,sensor_temp,temperatura,18.72
2025-10-06 01:15:00,sensor_lux,luminosidade,0.0
2025-10-06 01:15:00,sensor_occ,ocupacao,0.0
2025-10-06 01:30:00,sensor_temp,temperatura,19.54
2025-10-06 01:30:00,sensor_lux,luminosidade,0.0
2025-10-06 01:30:00,sensor_occ,ocupacao,0.0
2025-10-06 01:45:00,sensor_temp,temperatura,20.98
2025-10-06 01:45:00,sensor_lux,luminosidade,0.0
2025-10-06 01:45:00,sensor_occ,ocupacao,0.0
2025-10-06 02:00:00,sensor_temp,temperatura,18.77
2025-10-06 02:00:00,sensor_lux,luminosidade,0.0
2025-10-06 02:00:00,sensor_occ,ocupacao,0.0
2025-10-06 02:15:00,sensor_temp,temperatura,20.64
2025-10-06 02:15:00,sensor_lux,luminosidade,0.0
2025-10-06 02:15:00,sensor_occ,ocupacao,0.0
2025-10-06 02:30:00,sensor_temp,temperatura,20.83
2025-10-06 02:30:00,sensor_lux,luminosidade,0.0
2025-10-06 02:30:00,sensor_occ,ocupacao,0.0
2025-10-06 02:45:00,sensor_temp,temperatura,20.52
2025-10-06 02:45:00,sensor_lux,luminosidade,0.0
2025-10-06 02:45:00,sensor_occ,ocupacao,0.0
2025-10-06 03:00:00,sensor_temp,temperatura,20.48
2025-10-06 03:00:00,sensor_lux,luminosidade,0.0
2025-10-06 03:00:00,sensor_occ,ocupacao,0.0
2025-10-06 03:15:00,sensor_temp,temperatura,20.16
2025-10-06 03:15:00,sensor_lux,luminosidade,0.0
2025-10-06 03:15:00,sensor_occ,ocupacao,0.0
2025-10-06 03:30:00,sensor_temp,temperatura,21.19
2025-10-06 03:30:00,sensor_lux,luminosidade,0.0
2025-10-06 03:30:00,sensor_occ,ocupacao,0.0
2025-10-06 03:45:00,sensor_temp,temperatura,20.98
2025-10-06 03:45:00,sensor_lux,luminosidade,0.0
2025-10-06 03:45:00,sensor_occ,ocupacao,0.0
2025-10-06 04:00:00,sensor_temp,temperatura,21.31
2025-10-06 04:00:00,sensor_lux,luminosidade,0.0
2025-10-06 04:00:00,sensor_occ,ocupacao,0.0
2025-10-06 04:15:00,sensor_temp,temperatura,19.78
2025-10-06 04:15:00,sensor_lux,luminosidade,0.0
2025-10-06 04:15:00,sensor_occ,ocupacao,0.0
2025-10-06 04:30:00,sensor_temp,temperatura,19.77
2025-10-06 04:30:00,sensor_lux,luminosidade,0.0
2025-10-06 04:30:00,sensor_occ,ocupacao,0.0
2025-10-06 04:45:00,sensor_temp,temperatura,20.89
2025-10-06 04:45:00,sensor_lux,luminosidade,0.0
2025-10-06 04:45:00,sensor_occ,ocupacao,0.0
2025-10-06 05:00:00,sensor_temp,temperatura,18.67
2025-10-06 05:00:00,sensor_lux,luminosidade,0.0
2025-10-06 05:00:00,sensor_occ,ocupacao,0.0
2025-10-06 05:15:00,sensor_temp,temperatura,20.36
2025-10-06 05:15:00,sensor_lux,luminosidade,0.0
2025-10-06 05:15:00,sensor_occ,ocupacao,0.0
2025-10-06 05:30:00,sensor_temp,temperatura,18.99
2025-10-06 05:30:00,sensor_lux,luminosidade,0.0
2025-10-06 05:30:00,sensor_occ,ocupacao,0.0
2025-10-06 05:45:00,sensor_temp,temperatura,21.89
2025-10-06 05:45:00,sensor_lux,luminosidade,0.0
2025-10-06 05:45:00,sensor_occ,ocupacao,0.0
2025-10-06 06:00:00,sensor_temp,temperatura,24.64
2025-10-06 06:00:00,sensor_lux,luminosidade,758.75
2025-10-06 06:00:00,sensor_occ,ocupacao,1.0
2025-10-06 06:15:00,sensor_temp,temperatura,23.05
2025-10-06 06:15:00,sensor_lux,luminosidade,759.38
2025-10-06 06:15:00,sensor_occ,ocupacao,0.0
2025-10-06 06:30:00,sensor_temp,temperatura,22.63
2025-10-06 06:30:00,sensor_lux,luminosidade,694.4
2025-10-06 06:30:00,sensor_occ,ocupacao,0.0
2025-10-06 06:45:00,sensor_temp,temperatura,22.24
2025-10-06 06:45:00,sensor_lux,luminosidade,875.31
2025-10-06 06:45:00,sensor_occ,ocupacao,0.0
2025-10-06 07:00:00,sensor_temp,temperatura,23.14
2025-10-06 07:00:00,sensor_lux,luminosidade,751.06
2025-10-06 07:00:00,sensor_occ,ocupacao,0.0
2025-10-06 07:15:00,sensor_temp,temperatura,22.42
2025-10-06 07:15:00,sensor_lux,luminosidade,748.89
2025-10-06 07:15:00,sensor_occ,ocupacao,0.0
2025-10-06 07:30:00,sensor_temp,temperatura,23.89
2025-10-06 07:30:00,sensor_lux,luminosidade,954.81
2025-10-06 07:30:00,sensor_occ,ocupacao,1.0
2025-10-06 07:45:00,sensor_temp,temperatura,24.11
2025-10-06 07:45:00,sensor_lux,luminosidade,713.32
2025-10-06 07:45:00,sensor_occ,ocupacao,1.0
2025-10-06 08:00:00,sensor_temp,temperatura,24.98
2025-10-06 08:00:00,sensor_lux,luminosidade,705.49
2025-10-06 08:00:00,sensor_occ,ocupacao,1.0
2025-10-06 08:15:00,sensor_temp,temperatura,21.73
2025-10-06 08:15:00,sensor_lux,luminosidade,711.45
2025-10-06 08:15:00,sensor_occ,ocupacao,1.0
2025-10-06 08:30:00,sensor_temp,temperatura,24.25
2025-10-06 08:30:00,sensor_lux,luminosidade,825.43
2025-10-06 08:30:00,sensor_occ,ocupacao,1.0
2025-10-06 08:45:00,sensor_temp,temperatura,22.32
2025-10-06 08:45:00,sensor_lux,luminosidade,954.31
2025-10-06 08:45:00,sensor_occ,ocupacao,1.0
2025-10-06 09:00:00,sensor_temp,temperatura,22.03
2025-10-06 09:00:00,sensor_lux,luminosidade,800.71
2025-10-06 09:00:00,sensor_occ,ocupacao,1.0
2025-10-06 09:15:00,sensor_temp,temperatura,23.61
2025-10-06 09:15:00,sensor_lux,luminosidade,810.37
2025-10-06 09:15:00,sensor_occ,ocupacao,0.0
2025-10-06 09:30:00,sensor_temp,temperatura,23.13
2025-10-06 09:30:00,sensor_lux,luminosidade,648.96
2025-10-06 09:30:00,sensor_occ,ocupacao,1.0
2025-10-06 09:45:00,sensor_temp,temperatura,22.27
2025-10-06 09:45:00,sensor_lux,luminosidade,759.18
2025-10-06 09:45:00,sensor_occ,ocupacao,1.0
2025-10-06 10:00:00,sensor_temp,temperatura,22.32
2025-10-06 10:00:00,sensor_lux,luminosidade,733.13
2025-10-06 10:00:00,sensor_occ,ocupacao,0.0
2025-10-06 10:15:00,sensor_temp,temperatura,22.14
2025-10-06 10:15:00,sensor_lux,luminosidade,647.53
2025-10-06 10:15:00,sensor_occ,ocupacao,1.0
2025-10-06 10:30:00,sensor_temp,temperatura,22.16
2025-10-06 10:30:00,sensor_lux,luminosidade,847.55
2025-10-06 10:30:00,sensor_occ,ocupacao,0.0
2025-10-06 10:45:00,sensor_temp,temperatura,25.31
2025-10-06 10:45:00,sensor_lux,luminosidade,750.01
2025-10-06 10:45:00,sensor_occ,ocupacao,1.0
2025-10-06 11:00:00,sensor_temp,temperatura,23.21
2025-10-06 11:00:00,sensor_lux,luminosidade,794.24
2025-10-06 11:00:00,sensor_occ,ocupacao,0.0
2025-10-06 11:15:00,sensor_temp,temperatura,23.48
2025-10-06 11:15:00,sensor_lux,luminosidade,684.95
2025-10-06 11:15:00,sensor_occ,ocupacao,1.0
2025-10-06 11:30:00,sensor_temp,temperatura,23.01
2025-10-06 11:30:00,sensor_lux,luminosidade,686.5
2025-10-06 11:30:00,sensor_occ,ocupacao,1.0
2025-10-06 11:45:00,sensor_temp,temperatura,23.7
2025-10-06 11:45:00,sensor_lux,luminosidade,869.92
2025-10-06 11:45:00,sensor_occ,ocupacao,1.0
2025-10-06 12:00:00,sensor_temp,temperatura,24.66
2025-10-06 12:00:00,sensor_lux,luminosidade,846.32
2025-10-06 12:00:00,sensor_occ,ocupacao,1.0
2025-10-06 12:15:00,sensor_temp,temperatura,25.69
2025-10-06 12:15:00,sensor_lux,luminosidade,804.52
2025-10-06 12:15:00,sensor_occ,ocupacao,1.0
2025-10-06 12:30:00,sensor_temp,temperatura,24.86
2025-10-06 12:30:00,sensor_lux,luminosidade,677.66
2025-10-06 12:30:00,sensor_occ,ocupacao,1.0
2025-10-06 12:45:00,sensor_temp,temperatura,27.46
2025-10-06 12:45:00,sensor_lux,luminosidade,780.96
2025-10-06 12:45:00,sensor_occ,ocupacao,1.0
2025-10-06 13:00:00,sensor_temp,temperatura,24.9
2025-10-06 13:00:00,sensor_lux,luminosidade,813.32
2025-10-06 13:00:00,sensor_occ,ocupacao,0.0
2025-10-06 13:15:00,sensor_temp,temperatura,25.19
2025-10-06 13:15:00,sensor_lux,luminosidade,766.61
2025-10-06 13:15:00,sensor_occ,ocupacao,0.0
2025-10-06 13:30:00,sensor_temp,temperatura,26.12
2025-10-06 13:30:00,sensor_lux,luminosidade,818.16
2025-10-06 13:30:00,sensor_occ,ocupacao,1.0
2025-10-06 13:45:00,sensor_temp,temperatura,25.65
2025-10-06 13:45:00,sensor_lux,luminosidade,826.79
2025-10-06 13:45:00,sensor_occ,ocupacao,1.0
2025-10-06 14:00:00,sensor_temp,temperatura,26.53
2025-10-06 14:00:00,sensor_lux,luminosidade,735.6
2025-10-06 14:00:00,sensor_occ,ocupacao,0.0
2025-10-06 14:15:00,sensor_temp,temperatura,24.86
2025-10-06 14:15:00,sensor_lux,luminosidade,725.34
2025-10-06 14:15:00,sensor_occ,ocupacao,1.0
2025-10-06 14:30:00,sensor_temp,temperatura,25.07
2025-10-06 14:30:00,sensor_lux,luminosidade,1008.93
2025-10-06 14:30:00,sensor_occ,ocupacao,1.0
2025-10-06 14:45:00,sensor_temp,temperatura,26.79
2025-10-06 14:45:00,sensor_lux,luminosidade,892.51
2025-10-06 14:45:00,sensor_occ,ocupacao,1.0
2025-10-06 15:00:00,sensor_temp,temperatura,26.49
2025-10-06 15:00:00,sensor_lux,luminosidade,857.07
2025-10-06 15:00:00,sensor_occ,ocupacao,1.0
2025-10-06 15:15:00,sensor_temp,temperatura,24.26
2025-10-06 15:15:00,sensor_lux,luminosidade,662.41
2025-10-06 15:15:00,sensor_occ,ocupacao,0.0
2025-10-06 15:30:00,sensor_temp,temperatura,27.04
2025-10-06 15:30:00,sensor_lux,luminosidade,824.62
2025-10-06 15:30:00,sensor_occ,ocupacao,1.0
2025-10-06 15:45:00,sensor_temp,temperatura,27.33
2025-10-06 15:45:00,sensor_lux,luminosidade,966.17
2025-10-06 15:45:00,sensor_occ,ocupacao,1.0
2025-10-06 16:00:00,sensor_temp,temperatura,26.15
2025-10-06 16:00:00,sensor_lux,luminosidade,803.56
2025-10-06 16:00:00,sensor_occ,ocupacao,0.0
2025-10-06 16:15:00,sensor_temp,temperatura,24.49
2025-10-06 16:15:00,sensor_lux,luminosidade,719.77
2025-10-06 16:15:00,sensor_occ,ocupacao,1.0
2025-10-06 16:30:00,sensor_temp,temperatura,25.79
2025-10-06 16:30:00,sensor_lux,luminosidade,890.96
2025-10-06 16:30:00,sensor_occ,ocupacao,0.0
2025-10-06 16:45:00,sensor_temp,temperatura,24.72
2025-10-06 16:45:00,sensor_lux,luminosidade,875.1
2025-10-06 16:45:00,sensor_occ,ocupacao,1.0
2025-10-06 17:00:00,sensor_temp,temperatura,26.14
2025-10-06 17:00:00,sensor_lux,luminosidade,817.23
2025-10-06 17:00:00,sensor_occ,ocupacao,1.0
2025-10-06 17:15:00,sensor_temp,temperatura,26.75
2025-10-06 17:15:00,sensor_lux,luminosidade,1026.25
2025-10-06 17:15:00,sensor_occ,ocupacao,1.0
2025-10-06 17:30:00,sensor_temp,temperatura,25.37
2025-10-06 17:30:00,sensor_lux,luminosidade,755.42
2025-10-06 17:30:00,sensor_occ,ocupacao,1.0
2025-10-06 17:45:00,sensor_temp,temperatura,26.86
2025-10-06 17:45:00,sensor_lux,luminosidade,678.92
2025-10-06 17:45:00,sensor_occ,ocupacao,1.0
2025-10-06 18:00:00,sensor_temp,temperatura,21.32
2025-10-06 18:00:00,sensor_lux,luminosidade,0.0
2025-10-06 18:00:00,sensor_occ,ocupacao,0.0
2025-10-06 18:15:00,sensor_temp,temperatura,22.69
2025-10-06 18:15:00,sensor_lux,luminosidade,0.0
2025-10-06 18:15:00,sensor_occ,ocupacao,1.0
2025-10-06 18:30:00,sensor_temp,temperatura,21.94
2025-10-06 18:30:00,sensor_lux,luminosidade,0.0
2025-10-06 18:30:00,sensor_occ,ocupacao,0.0
2025-10-06 18:45:00,sensor_temp,temperatura,20.85
2025-10-06 18:45:00,sensor_lux,luminosidade,0.0
2025-10-06 18:45:00,sensor_occ,ocupacao,0.0
2025-10-06 19:00:00,sensor_temp,temperatura,20.91
2025-10-06 19:00:00,sensor_lux,luminosidade,0.0
2025-10-06 19:00:00,sensor_occ,ocupacao,0.0
2025-10-06 19:15:00,sensor_temp,temperatura,20.65
2025-10-06 19:15:00,sensor_lux,luminosidade,0.0
2025-10-06 19:15:00,sensor_occ,ocupacao,0.0
2025-10-06 19:30:00,sensor_temp,temperatura,22.07
2025-10-06 19:30:00,sensor_lux,luminosidade,0.0
2025-10-06 19:30:00,sensor_occ,ocupacao,0.0
2025-10-06 19:45:00,sensor_temp,temperatura,22.68
2025-10-06 19:45:00,sensor_lux,luminosidade,0.0
2025-10-06 19:45:00,sensor_occ,ocupacao,1.0
2025-10-06 20:00:00,sensor_temp,temperatura,22.42
2025-10-06 20:00:00,sensor_lux,luminosidade,0.0
2025-10-06 20:00:00,sensor_occ,ocupacao,0.0
2025-10-06 20:15:00,sensor_temp,temperatura,21.19
2025-10-06 20:15:00,sensor_lux,luminosidade,0.0
2025-10-06 20:15:00,sensor_occ,ocupacao,0.0
2025-10-06 20:30:00,sensor_temp,temperatura,22.09
2025-10-06 20:30:00,sensor_lux,luminosidade,0.0
2025-10-06 20:30:00,sensor_occ,ocupacao,1.0
2025-10-06 20:45:00,sensor_temp,temperatura,21.93
2025-10-06 20:45:00,sensor_lux,luminosidade,0.0
2025-10-06 20:45:00,sensor_occ,ocupacao,1.0
2025-10-06 21:00:00,sensor_temp,temperatura,22.37
2025-10-06 21:00:00,sensor_lux,luminosidade,0.0
2025-10-06 21:00:00,sensor_occ,ocupacao,1.0
2025-10-06 21:15:00,sensor_temp,temperatura,21.88
2025-10-06 21:15:00,sensor_lux,luminosidade,0.0
2025-10-06 21:15:00,sensor_occ,ocupacao,0.0
2025-10-06 21:30:00,sensor_temp,temperatura,22.28
2025-10-06 21:30:00,sensor_lux,luminosidade,0.0
2025-10-06 21:30:00,sensor_occ,ocupacao,0.0
2025-10-06 21:45:00,sensor_temp,temperatura,19.08
2025-10-06 21:45:00,sensor_lux,luminosidade,0.0
2025-10-06 21:45:00,sensor_occ,ocupacao,0.0
2025-10-06 22:00:00,sensor_temp,temperatura,20.48
2025-10-06 22:00:00,sensor_lux,luminosidade,0.0
2025-10-06 22:00:00,sensor_occ,ocupacao,1.0
2025-10-06 22:15:00,sensor_temp,temperatura,21.61
2025-10-06 22:15:00,sensor_lux,luminosidade,0.0
2025-10-06 22:15:00,sensor_occ,ocupacao,0.0
2025-10-06 22:30:00,sensor_temp,temperatura,22.08
2025-10-06 22:30:00,sensor_lux,luminosidade,0.0
2025-10-06 22:30:00,sensor_occ,ocupacao,0.0
2025-10-06 22:45:00,sensor_temp,temperatura,22.48
2025-10-06 22:45:00,sensor_lux,luminosidade,0.0
2025-10-06 22:45:00,sensor_occ,ocupacao,1.0
2025-10-06 23:00:00,sensor_temp,temperatura,22.14
2025-10-06 23:00:00,sensor_lux,luminosidade,0.0
2025-10-06 23:00:00,sensor_occ,ocupacao,0.0
2025-10-06 23:15:00,sensor_temp,temperatura,20.67
2025-10-06 23:15:00,sensor_lux,luminosidade,0.0
2025-10-06 23:15:00,sensor_occ,ocupacao,1.0
2025-10-06 23:30:00,sensor_temp,temperatura,23.01
2025-10-06 23:30:00,sensor_lux,luminosidade,0.0
2025-10-06 23:30:00,sensor_occ,ocupacao,0.0
2025-10-06 23:45:00,sensor_temp,temperatura,23.0
2025-10-06 23:45:00,sensor_lux,luminosidade,0.0
2025-10-06 23:45:00,sensor_occ,ocupacao,0.0
2025-10-07 00:00:00,sensor_temp,temperatura,19.78
2025-10-07 00:00:00,sensor_lux,luminosidade,0.0
2025-10-07 00:00:00,sensor_occ,ocupacao,0.0
2025-10-07 00:15:00,sensor_temp,temperatura,18.07
2025-10-07 00:15:00,sensor_lux,luminosidade,0.0
2025-10-07 00:15:00,sensor_occ,ocupacao,0.0
2025-10-07 00:30:00,sensor_temp,temperatura,19.45
2025-10-07 00:30:00,sensor_lux,luminosidade,0.0
2025-10-07 00:30:00,sensor_occ,ocupacao,1.0
2025-10-07 00:45:00,sensor_temp,temperatura,19.95
2025-10-07 00:45:00,sensor_lux,luminosidade,0.0
2025-10-07 00:45:00,sensor_occ,ocupacao,0.0
2025-10-07 01:00:00,sensor_temp,temperatura,18.77
2025-10-07 01:00:00,sensor_lux,luminosidade,0.0
2025-10-07 01:00:00,sensor_occ,ocupacao,0.0
2025-10-07 01:15:00,sensor_temp,temperatura,20.1
2025-10-07 01:15:00,sensor_lux,luminosidade,0.0
2025-10-07 01:15:00,sensor_occ,ocupacao,0.0
2025-10-07 01:30:00,sensor_temp,temperatura,20.84
2025-10-07 01:30:00,sensor_lux,luminosidade,0.0
2025-10-07 01:30:00,sensor_occ,ocupacao,0.0
2025-10-07 01:45:00,sensor_temp,temperatura,18.59
2025-10-07 01:45:00,sensor_lux,luminosidade,0.0
2025-10-07 01:45:00,sensor_occ,ocupacao,0.0
2025-10-07 02:00:00,sensor_temp,temperatura,20.41
2025-10-07 02:00:00,sensor_lux,luminosidade,0.0
2025-10-07 02:00:00,sensor_occ,ocupacao,0.0
2025-10-07 02:15:00,sensor_temp,temperatura,19.97
2025-10-07 02:15:00,sensor_lux,luminosidade,0.0
2025-10-07 02:15:00,sensor_occ,ocupacao,0.0
2025-10-07 02:30:00,sensor_temp,temperatura,18.89
2025-10-07 02:30:00,sensor_lux,luminosidade,0.0
2025-10-07 02:30:00,sensor_occ,ocupacao,0.0
2025-10-07 02:45:00,sensor_temp,temperatura,19.06
2025-10-07 02:45:00,sensor_lux,luminosidade,0.0
2025-10-07 02:45:00,sensor_occ,ocupacao,0.0
2025-10-07 03:00:00,sensor_temp,temperatura,20.35
2025-10-07 03:00:00,sensor_lux,luminosidade,0.0
2025-10-07 03:00:00,sensor_occ,ocupacao,0.0
2025-10-07 03:15:00,sensor_temp,temperatura,19.55
2025-10-07 03:15:00,sensor_lux,luminosidade,0.0
2025-10-07 03:15:00,sensor_occ,ocupacao,0.0
2025-10-07 03:30:00,sensor_temp,temperatura,17.26
2025-10-07 03:30:00,sensor_lux,luminosidade,0.0
2025-10-07 03:30:00,sensor_occ,ocupacao,1.0
2025-10-07 03:45:00,sensor_temp,temperatura,19.63
2025-10-07 03:45:00,sensor_lux,luminosidade,0.0
2025-10-07 03:45:00,sensor_occ,ocupacao,1.0
2025-10-07 04:00:00,sensor_temp,temperatura,18.16
2025-10-07 04:00:00,sensor_lux,luminosidade,0.0
2025-10-07 04:00:00,sensor_occ,ocupacao,0.0
2025-10-07 04:15:00,sensor_temp,temperatura,20.36
2025-10-07 04:15:00,sensor_lux,luminosidade,0.0
2025-10-07 04:15:00,sensor_occ,ocupacao,0.0
2025-10-07 04:30:00,sensor_temp,temperatura,19.56
2025-10-07 04:30:00,sensor_lux,luminosidade,0.0
2025-10-07 04:30:00,sensor_occ,ocupacao,0.0
2025-10-07 04:45:00,sensor_temp,temperatura,21.23
2025-10-07 04:45:00,sensor_lux,luminosidade,0.0
2025-10-07 04:45:00,sensor_occ,ocupacao,0.0
2025-10-07 05:00:00,sensor_temp,temperatura,21.8
2025-10-07 05:00:00,sensor_lux,luminosidade,0.0
2025-10-07 05:00:00,sensor_occ,ocupacao,0.0
2025-10-07 05:15:00,sensor_temp,temperatura,21.16
2025-10-07 05:15:00,sensor_lux,luminosidade,0.0
2025-10-07 05:15:00,sensor_occ,ocupacao,0.0
2025-10-07 05:30:00,sensor_temp,temperatura,18.9
2025-10-07 05:30:00,sensor_lux,luminosidade,0.0
2025-10-07 05:30:00,sensor_occ,ocupacao,0.0
2025-10-07 05:45:00,sensor_temp,temperatura,19.3
2025-10-07 05:45:00,sensor_lux,luminosidade,0.0
2025-10-07 05:45:00,sensor_occ,ocupacao,0.0
2025-10-07 06:00:00,sensor_temp,temperatura,25.28
2025-10-07 06:00:00,sensor_lux,luminosidade,675.12
2025-10-07 06:00:00,sensor_occ,ocupacao,1.0
2025-10-07 06:15:00,sensor_temp,temperatura,20.15
2025-10-07 06:15:00,sensor_lux,luminosidade,920.88
2025-10-07 06:15:00,sensor_occ,ocupacao,0.0
2025-10-07 06:30:00,sensor_temp,temperatura,23.19
2025-10-07 06:30:00,sensor_lux,luminosidade,650.65
2025-10-07 06:30:00,sensor_occ,ocupacao,0.0
2025-10-07 06:45:00,sensor_temp,temperatura,23.67
2025-10-07 06:45:00,sensor_lux,luminosidade,795.93
2025-10-07 06:45:00,sensor_occ,ocupacao,1.0
2025-10-07 07:00:00,sensor_temp,temperatura,24.13
2025-10-07 07:00:00,sensor_lux,luminosidade,734.48
2025-10-07 07:00:00,sensor_occ,ocupacao,0.0
2025-10-07 07:15:00,sensor_temp,temperatura,20.42
2025-10-07 07:15:00,sensor_lux,luminosidade,747.45
2025-10-07 07:15:00,sensor_occ,ocupacao,0.0
2025-10-07 07:30:00,sensor_temp,temperatura,22.5
2025-10-07 07:30:00,sensor_lux,luminosidade,854.19
2025-10-07 07:30:00,sensor_occ,ocupacao,0.0
2025-10-07 07:45:00,sensor_temp,temperatura,22.81
2025-10-07 07:45:00,sensor_lux,luminosidade,705.89
2025-10-07 07:45:00,sensor_occ,ocupacao,0.0
2025-10-07 08:00:00,sensor_temp,temperatura,23.43
2025-10-07 08:00:00,sensor_lux,luminosidade,770.22
2025-10-07 08:00:00,sensor_occ,ocupacao,0.0
2025-10-07 08:15:00,sensor_temp,temperatura,21.36
2025-10-07 08:15:00,sensor_lux,luminosidade,796.11
2025-10-07 08:15:00,sensor_occ,ocupacao,1.0
2025-10-07 08:30:00,sensor_temp,temperatura,22.42
2025-10-07 08:30:00,sensor_lux,luminosidade,857.68
2025-10-07 08:30:00,sensor_occ,ocupacao,1.0
2025-10-07 08:45:00,sensor_temp,temperatura,23.56
2025-10-07 08:45:00,sensor_lux,luminosidade,753.38
2025-10-07 08:45:00,sensor_occ,ocupacao,1.0
2025-10-07 09:00:00,sensor_temp,temperatura,22.76
2025-10-07 09:00:00,sensor_lux,luminosidade,846.34
2025-10-07 09:00:00,sensor_occ,ocupacao,0.0
2025-10-07 09:15:00,sensor_temp,temperatura,22.16
2025-10-07 09:15:00,sensor_lux,luminosidade,895.97
2025-10-07 09:15:00,sensor_occ,ocupacao,1.0
2025-10-07 09:30:00,sensor_temp,temperatura,21.33
2025-10-07 09:30:00,sensor_lux,luminosidade,775.9
2025-10-07 09:30:00,sensor_occ,ocupacao,1.0
2025-10-07 09:45:00,sensor_temp,temperatura,23.39
2025-10-07 09:45:00,sensor_lux,luminosidade,624.78
2025-10-07 09:45:00,sensor_occ,ocupacao,1.0
2025-10-07 10:00:00,sensor_temp,temperatura,22.94
2025-10-07 10:00:00,sensor_lux,luminosidade,910.21
2025-10-07 10:00:00,sensor_occ,ocupacao,1.0
2025-10-07 10:15:00,sensor_temp,temperatura,23.79
2025-10-07 10:15:00,sensor_lux,luminosidade,737.03
2025-10-07 10:15:00,sensor_occ,ocupacao,1.0
2025-10-07 10:30:00,sensor_temp,temperatura,24.35
2025-10-07 10:30:00,sensor_lux,luminosidade,863.96
2025-10-07 10:30:00,sensor_occ,ocupacao,1.0
2025-10-07 10:45:00,sensor_temp,temperatura,22.09
2025-10-07 10:45:00,sensor_lux,luminosidade,883.23
2025-10-07 10:45:00,sensor_occ,ocupacao,1.0
2025-10-07 11:00:00,sensor_temp,temperatura,22.81
2025-10-07 11:00:00,sensor_lux,luminosidade,882.19
2025-10-07 11:00:00,sensor_occ,ocupacao,1.0
2025-10-07 11:15:00,sensor_temp,temperatura,22.29
2025-10-07 11:15:00,sensor_lux,luminosidade,688.86
2025-10-07 11:15:00,sensor_occ,ocupacao,0.0
2025-10-07 11:30:00,sensor_temp,temperatura,22.53
2025-10-07 11:30:00,sensor_lux,luminosidade,864.84
2025-10-07 11:30:00,sensor_occ,ocupacao,0.0
2025-10-07 11:45:00,sensor_temp,temperatura,23.24
2025-10-07 11:45:00,sensor_lux,luminosidade,655.04
2025-10-07 11:45:00,sensor_occ,ocupacao,1.0
2025-10-07 12:00:00,sensor_temp,temperatura,26.05
2025-10-07 12:00:00,sensor_lux,luminosidade,909.73
2025-10-07 12:00:00,sensor_occ,ocupacao,0.0
2025-10-07 12:15:00,sensor_temp,temperatura,26.51
2025-10-07 12:15:00,sensor_lux,luminosidade,789.29
2025-10-07 12:15:00,sensor_occ,ocupacao,1.0
2025-10-07 12:30:00,sensor_temp,temperatura,24.41
2025-10-07 12:30:00,sensor_lux,luminosidade,907.75
2025-10-07 12:30:00,sensor_occ,ocupacao,0.0
2025-10-07 12:45:00,sensor_temp,temperatura,27.88
2025-10-07 12:45:00,sensor_lux,luminosidade,860.34
2025-10-07 12:45:00,sensor_occ,ocupacao,1.0
2025-10-07 13:00:00,sensor_temp,temperatura,26.17
2025-10-07 13:00:00,sensor_lux,luminosidade,779.68
2025-10-07 13:00:00,sensor_occ,ocupacao,1.0
2025-10-07 13:15:00,sensor_temp,temperatura,24.23
2025-10-07 13:15:00,sensor_lux,luminosidade,758.16
2025-10-07 13:15:00,sensor_occ,ocupacao,1.0
2025-10-07 13:30:00,sensor_temp,temperatura,26.24
2025-10-07 13:30:00,sensor_lux,luminosidade,734.38
2025-10-07 13:30:00,sensor_occ,ocupacao,1.0
2025-10-07 13:45:00,sensor_temp,temperatura,25.37
2025-10-07 13:45:00,sensor_lux,luminosidade,901.24
2025-10-07 13:45:00,sensor_occ,ocupacao,1.0
2025-10-07 14:00:00,sensor_temp,temperatura,27.99
2025-10-07 14:00:00,sensor_lux,luminosidade,811.72
2025-10-07 14:00:00,sensor_occ,ocupacao,1.0
2025-10-07 14:15:00,sensor_temp,temperatura,26.5
2025-10-07 14:15:00,sensor_lux,luminosidade,666.83
2025-10-07 14:15:00,sensor_occ,ocupacao,1.0
2025-10-07 14:30:00,sensor_temp,temperatura,27.08
2025-10-07 14:30:00,sensor_lux,luminosidade,856.98
2025-10-07 14:30:00,sensor_occ,ocupacao,1.0
2025-10-07 14:45:00,sensor_temp,temperatura,26.2
2025-10-07 14:45:00,sensor_lux,luminosidade,1054.61
2025-10-07 14:45:00,sensor_occ,ocupacao,1.0
2025-10-07 15:00:00,sensor_temp,temperatura,26.06
2025-10-07 15:00:00,sensor_lux,luminosidade,829.03
2025-10-07 15:00:00,sensor_occ,ocupacao,1.0
2025-10-07 15:15:00,sensor_temp,temperatura,26.51
2025-10-07 15:15:00,sensor_lux,luminosidade,976.06
2025-10-07 15:15:00,sensor_occ,ocupacao,0.0
2025-10-07 15:30:00,sensor_temp,temperatura,24.95
2025-10-07 15:30:00,sensor_lux,luminosidade,692.3
2025-10-07 15:30:00,sensor_occ,ocupacao,1.0
2025-10-07 15:45:00,sensor_temp,temperatura,28.34
2025-10-07 15:45:00,sensor_lux,luminosidade,811.85
2025-10-07 15:45:00,sensor_occ,ocupacao,0.0
2025-10-07 16:00:00,sensor_temp,temperatura,27.44
2025-10-07 16:00:00,sensor_lux,luminosidade,968.08
2025-10-07 16:00:00,sensor_occ,ocupacao,1.0
2025-10-07 16:15:00,sensor_temp,temperatura,25.99
2025-10-07 16:15:00,sensor_lux,luminosidade,774.86
2025-10-07 16:15:00,sensor_occ,ocupacao,0.0
2025-10-07 16:30:00,sensor_temp,temperatura,25.44
2025-10-07 16:30:00,sensor_lux,luminosidade,856.68
2025-10-07 16:30:00,sensor_occ,ocupacao,0.0
2025-10-07 16:45:00,sensor_temp,temperatura,27.5
2025-10-07 16:45:00,sensor_lux,luminosidade,920.09
2025-10-07 16:45:00,sensor_occ,ocupacao,1.0
2025-10-07 17:00:00,sensor_temp,temperatura,26.33
2025-10-07 17:00:00,sensor_lux,luminosidade,799.98
2025-10-07 17:00:00,sensor_occ,ocupacao,0.0
2025-10-07 17:15:00,sensor_temp,temperatura,25.95
2025-10-07 17:15:00,sensor_lux,luminosidade,827.61
2025-10-07 17:15:00,sensor_occ,ocupacao,1.0
2025-10-07 17:30:00,sensor_temp,temperatura,24.86
2025-10-07 17:30:00,sensor_lux,luminosidade,735.97
2025-10-07 17:30:00,sensor_occ,ocupacao,0.0
2025-10-07 17:45:00,sensor_temp,temperatura,24.32
2025-10-07 17:45:00,sensor_lux,luminosidade,838.97
2025-10-07 17:45:00,sensor_occ,ocupacao,0.0
2025-10-07 18:00:00,sensor_temp,temperatura,19.93
2025-10-07 18:00:00,sensor_lux,luminosidade,0.0
2025-10-07 18:00:00,sensor_occ,ocupacao,0.0
2025-10-07 18:15:00,sensor_temp,temperatura,23.26
2025-10-07 18:15:00,sensor_lux,luminosidade,0.0
2025-10-07 18:15:00,sensor_occ,ocupacao,0.0
2025-10-07 18:30:00,sensor_temp,temperatura,21.77
2025-10-07 18:30:00,sensor_lux,luminosidade,0.0
2025-10-07 18:30:00,sensor_occ,ocupacao,0.0
2025-10-07 18:45:00,sensor_temp,temperatura,20.59
2025-10-07 18:45:00,sensor_lux,luminosidade,0.0
2025-10-07 18:45:00,sensor_occ,ocupacao,0.0
2025-10-07 19:00:00,sensor_temp,temperatura,22.32
2025-10-07 19:00:00,sensor_lux,luminosidade,0.0
2025-10-07 19:00:00,sensor_occ,ocupacao,1.0
2025-10-07 19:15:00,sensor_temp,temperatura,20.4
2025-10-07 19:15:00,sensor_lux,luminosidade,0.0
2025-10-07 19:15:00,sensor_occ,ocupacao,1.0
2025-10-07 19:30:00,sensor_temp,temperatura,21.78
2025-10-07 19:30:00,sensor_lux,luminosidade,0.0
2025-10-07 19:30:00,sensor_occ,ocupacao,0.0
2025-10-07 19:45:00,sensor_temp,temperatura,21.78
2025-10-07 19:45:00,sensor_lux,luminosidade,0.0
2025-10-07 19:45:00,sensor_occ,ocupacao,0.0
2025-10-07 20:00:00,sensor_temp,temperatura,21.56
2025-10-07 20:00:00,sensor_lux,luminosidade,0.0
2025-10-07 20:00:00,sensor_occ,ocupacao,0.0
2025-10-07 20:15:00,sensor_temp,temperatura,23.21
2025-10-07 20:15:00,sensor_lux,luminosidade,0.0
2025-10-07 20:15:00,sensor_occ,ocupacao,1.0
2025-10-07 20:30:00,sensor_temp,temperatura,22.68
2025-10-07 20:30:00,sensor_lux,luminosidade,0.0
2025-10-07 20:30:00,sensor_occ,ocupacao,0.0
2025-10-07 20:45:00,sensor_temp,temperatura,21.84
2025-10-07 20:45:00,sensor_lux,luminosidade,0.0
2025-10-07 20:45:00,sensor_occ,ocupacao,0.0
2025-10-07 21:00:00,sensor_temp,temperatura,22.2
2025-10-07 21:00:00,sensor_lux,luminosidade,0.0
2025-10-07 21:00:00,sensor_occ,ocupacao,0.0
2025-10-07 21:15:00,sensor_temp,temperatura,22.39
2025-10-07 21:15:00,sensor_lux,luminosidade,0.0
2025-10-07 21:15:00,sensor_occ,ocupacao,0.0
2025-10-07 21:30:00,sensor_temp,temperatura,20.59
2025-10-07 21:30:00,sensor_lux,luminosidade,0.0
2025-10-07 21:30:00,sensor_occ,ocupacao,1.0
2025-10-07 21:45:00,sensor_temp,temperatura,22.2
2025-10-07 21:45:00,sensor_lux,luminosidade,0.0
2025-10-07 21:45:00,sensor_occ,ocupacao,0.0
2025-10-07 22:00:00,sensor_temp,temperatura,22.33
2025-10-07 22:00:00,sensor_lux,luminosidade,0.0
2025-10-07 22:00:00,sensor_occ,ocupacao,1.0
2025-10-07 22:15:00,sensor_temp,temperatura,22.52
2025-10-07 22:15:00,sensor_lux,luminosidade,0.0
2025-10-07 22:15:00,sensor_occ,ocupacao,0.0
2025-10-07 22:30:00,sensor_temp,temperatura,23.56
2025-10-07 22:30:00,sensor_lux,luminosidade,0.0
2025-10-07 22:30:00,sensor_occ,ocupacao,0.0
2025-10-07 22:45:00,sensor_temp,temperatura,22.6
2025-10-07 22:45:00,sensor_lux,luminosidade,0.0
2025-10-07 22:45:00,sensor_occ,ocupacao,0.0
2025-10-07 23:00:00,sensor_temp,temperatura,21.74
2025-10-07 23:00:00,sensor_lux,luminosidade,0.0
2025-10-07 23:00:00,sensor_occ,ocupacao,1.0
2025-10-07 23:15:00,sensor_temp,temperatura,19.86
2025-10-07 23:15:00,sensor_lux,luminosidade,0.0
2025-10-07 23:15:00,sensor_occ,ocupacao,0.0
2025-10-07 23:30:00,sensor_temp,temperatura,19.81
2025-10-07 23:30:00,sensor_lux,luminosidade,0.0
2025-10-07 23:30:00,sensor_occ,ocupacao,0.0
2025-10-07 23:45:00,sensor_temp,temperatura,20.62
2025-10-07 23:45:00,sensor_lux,luminosidade,0.0
2025-10-07 23:45:00,sensor_occ,ocupacao,0.0
